trade_id,symbol,trade_type,status,entry_price,average_price,current_size,size,created_at,closed_at,exit_price,average_exit_price,profit_loss,risk_reward_ratio,win_loss,configuration_id,is_contract,is_day_trade,strike,expiration_date,option_type
XM97F3MG,SPX,BTO,CLOSED,1.55,1.55,0,2,2024-12-20 20:20:42.023485+00:00,2025-01-25 17:45:10.295999+00:00,0.0,0.0,-3.1,,LOSS,1,True,True,5960.0,2024-12-20 21:15:00+00:00,CALL
5NF5uEDw,CCL,BTO,CLOSED,0.18,0.18,0,1,2024-12-24 14:34:34.340970+00:00,2025-01-25 17:45:10.838509+00:00,0.0,0.0,-0.18,,LOSS,1,True,True,26.0,2024-12-27 21:15:00+00:00,CALL
4GAwScXn,AMD,Buy to Open,CLOSED,0.12,0.12,0,2,2024-10-11 18:38:32.030701+00:00,2025-01-25 17:44:48.130536+00:00,0.0,0.0,-0.24,,LOSS,1,True,True,167.5,2024-10-11 21:15:00+00:00,PUT
5butx4uP,MSTR,Buy to Open,CLOSED,2.0,2.0,0,1,2024-10-03 16:39:58.240895+00:00,2025-01-25 17:44:45.130148+00:00,1.87,1.87,-0.13,,LOSS,1,True,True,165.0,2024-10-04 21:15:00+00:00,
aiRWXmYw,SPX,Buy to Open,CLOSED,24.3,24.3,0,1,2024-10-03 19:49:53.819195+00:00,2025-01-25 17:44:45.433948+00:00,0.0,0.0,-24.3,,LOSS,1,True,True,5650.0,2024-10-07 21:15:00+00:00,PUT
jcgj4bLn,OXY,Buy to Open,CLOSED,1.97,1.97,0,6,2024-10-01 15:25:54.577067+00:00,2025-01-25 17:44:44.153812+00:00,0.0,0.0,-11.82,,LOSS,2,True,False,55.0,2024-11-15 21:15:00+00:00,CALL
THgT5QhV,SPX,Buy to Open,CLOSED,0.95,0.95,0,1,2024-10-03 18:49:41.853003+00:00,2025-01-25 17:44:45.246117+00:00,0.0,0.0,-0.95,,LOSS,1,True,True,5670.0,2024-10-03 21:15:00+00:00,PUT
o7FavAbr,AMD,Buy to Open,CLOSED,0.17,0.17,0,1,2024-10-04 13:32:18.492209+00:00,2025-01-25 17:44:45.535043+00:00,0.0,0.0,-0.17,,LOSS,1,True,True,162.5,2024-10-04 21:15:00+00:00,PUT
B65DCcAe,SPX,Buy to Open,CLOSED,1.15,1.15,0,1,2024-10-10 17:25:22.373465+00:00,2025-01-25 17:44:47.777427+00:00,0.95,0.95,-0.2,,LOSS,1,True,True,5755.0,2024-10-10 21:15:00+00:00,
WKPGubbV,UVXY,Buy to Open,CLOSED,1.71,1.70555555555556,0,9,2024-10-18 19:08:44.304776+00:00,2025-01-25 17:44:48.295288+00:00,1.67388888888889,1.67388888888889,-0.285,,LOSS,2,True,False,30.0,2024-11-15 21:15:00+00:00,CALL
WrNzyKvT,COIN,Buy to Open,CLOSED,1.98,1.98,0,6,2024-10-01 17:06:18.582460+00:00,2025-01-25 17:44:44.655955+00:00,0.0,0.0,-11.88,,LOSS,1,True,True,155.0,2024-10-04 21:15:00+00:00,PUT
iECqJwN9,SPX,STO,CLOSED,-11.7,-11.7,0,6,2024-09-30 13:02:47.025384+00:00,2025-01-25 17:44:43.286123+00:00,-4.7,-4.7,42.0,,WIN,2,True,True,5750.0,2024-09-30 21:15:00+00:00,
HyAGoTmp,SPX,Buy to Open,CLOSED,38.5,38.5,0,1,2024-10-09 15:05:57.368313+00:00,2025-02-14 21:27:11.335512+00:00,0.0,0.0,-38.5,,LOSS,2,True,False,5700.0,2024-10-25 21:15:00+00:00,PUT
ZLiehxcW,SPX,BTO,CLOSED,4.8,4.8,0,1,2024-09-30 14:11:42.530115+00:00,2025-01-25 17:44:43.489175+00:00,5.5,5.5,0.7,,WIN,1,True,True,5745.0,2024-09-30 21:15:00+00:00,
HnjJVGKb,SPX,Buy to Open,CLOSED,26.8,26.8,0,1,2024-10-01 15:00:00.845678+00:00,2025-01-25 17:44:44.020953+00:00,12.9,12.9,-13.9,,LOSS,1,True,True,5650.0,2024-10-04 21:15:00+00:00,
fzDSpXzE,SPX,Buy to Open,CLOSED,1.35,1.12,0,2.5,2024-10-01 14:44:05.308363+00:00,2025-01-25 17:44:43.953745+00:00,0.59,0.59,-1.325,,LOSS,1,True,True,5640.0,2024-10-01 21:15:00+00:00,PUT
Gyq96yJh,SPX,Buy to Open,CLOSED,54.5,26.04,0,5,2024-10-03 18:55:16.432466+00:00,2025-01-25 17:44:45.322045+00:00,0.0,0.0,-130.2,,LOSS,2,True,False,5695.0,2024-10-11 21:15:00+00:00,PUT
ebhrMqyc,SPX,Buy to Open,CLOSED,7.95,3.97857142857143,0,3.5,2024-10-01 15:31:42.294694+00:00,2025-01-25 17:44:44.212745+00:00,4.88571428571429,4.88571428571429,3.175,,WIN,1,True,True,5685.0,2024-10-01 21:15:00+00:00,PUT
MAQhcZQs,AMD,Buy to Open,CLOSED,1.11,0.826666666666667,0,3,2024-10-07 15:24:00.127158+00:00,2025-01-25 17:44:46.190446+00:00,0.233333333333333,0.233333333333333,-1.78,,LOSS,1,True,True,160.0,2024-10-11 21:15:00+00:00,PUT
KM83Q44Q,TSLA,BTO,CLOSED,0.6,0.6,0,1,2025-04-09 19:07:09.878000+00:00,2025-04-22 20:40:38.238000+00:00,0.0,0.0,-0.6,,LOSS,1,True,True,210.0,2025-04-11 20:30:00+00:00,P
ASvzdtMQ,UVXY,BTO,CLOSED,25.01,25.01,0,3,2024-09-30 20:04:36.310953+00:00,2024-11-01 14:13:56.086068+00:00,28.78,28.78,11.31,,WIN,3,False,False,,,
bpQ8Zrhr,UVXY,Buy to Open,CLOSED,26.44,26.44,0,3,2024-10-14 17:09:45.868763+00:00,2024-11-03 20:31:04.014444+00:00,28.78,28.78,7.02,,WIN,3,False,False,,,
gJnb3mRZ,ES,Sell to Open,CLOSED,5829.75,5829.75,0,6,2024-10-10 15:37:46.368020+00:00,2024-10-28 22:17:49.108351+00:00,5828.75,5828.75,-6.0,,LOSS,1,False,False,,,
kNxn6NzT,CVNA,Sell to Open,CLOSED,174.62,174.62,0,4,2024-10-01 14:06:50.048745+00:00,2024-11-01 14:20:46.174666+00:00,240.58,240.58,263.84,,WIN,3,False,False,,,
K3g96h9x,MSTR,Sell to Open,CLOSED,188.86,190.735,0,2,2024-10-07 15:22:43.109687+00:00,2024-11-01 14:07:28.277950+00:00,244.74,244.74,108.01,,WIN,3,False,False,,,
EJAc6nHK,SOXL,Sell to Open,CLOSED,36.62,37.28,0,7,2024-10-07 15:31:12.666883+00:00,2024-11-01 14:31:40.829945+00:00,31.3478571428571,31.3478571428571,-41.525,,LOSS,3,False,False,,,
BbVjheZQ,COIN,BTO,CLOSED,4.2,4.2,0,3,2024-11-01 13:33:56.604863+00:00,2025-01-25 18:14:27+00:00,,19.2516666666667,45.155,,WIN,3,True,False,500.0,2025-06-20 21:15:00+00:00,CALL
YY4Jogv2,KWEB,BTO,CLOSED,1.06,1.06,0,3,2024-12-24 17:24:18.501124+00:00,2025-01-25 17:45:10.890229+00:00,0.0,0.0,-3.18,,LOSS,2,True,False,30.0,2025-01-17 00:00:00+00:00,CALL
2SDQCCUK,UVXY,BTO,CLOSED,0.27,0.27,0,2,2024-11-14 20:37:31.775701+00:00,2025-01-25 17:44:58.975965+00:00,0.865,0.865,1.19,,WIN,1,True,True,20.0,2024-11-15 21:15:00+00:00,CALL
53wgJDPd,SPX,STO,CLOSED,15.4,15.4,0,1,2024-11-04 16:52:35.270431+00:00,2025-01-25 17:44:54.729807+00:00,11.0,11.0,-4.4,,LOSS,1,True,True,5700.0,2024-11-04 21:15:00+00:00,CALL
7Q62mNae,SPX,BTO,CLOSED,0.4,0.4,0,1,2024-10-30 15:41:30.397133+00:00,2025-01-25 17:44:51.473211+00:00,0.0,0.0,-0.4,,LOSS,1,True,True,5800.0,2024-10-30 21:15:00+00:00,PUT
6wHPQfpB,TSM,BTO,CLOSED,2.6,2.6,0,3,2024-11-27 18:44:56.255459+00:00,2025-01-25 17:45:01.666893+00:00,7.96666666666667,7.96666666666667,16.1,,WIN,2,True,False,182.5,2024-12-06 21:15:00+00:00,CALL
assWDfBY,OXY,BTO,CLOSED,0.13,0.13,0,6,2024-11-01 18:22:23.736018+00:00,2025-01-25 17:44:52.766178+00:00,0.0,0.0,-0.78,,LOSS,2,True,True,53.0,2024-11-08 21:15:00+00:00,CALL
hxGwUc9e,QQQ,BTO,CLOSED,0.32,0.32,0,2,2024-11-01 18:00:51.751909+00:00,2025-01-25 17:44:52.526504+00:00,0.0,0.0,-0.64,,LOSS,1,True,True,489.0,2024-11-01 21:15:00+00:00,CALL
iYJdLEDK,VIX,BTO,CLOSED,0.51,0.51,0,6,2024-11-03 20:32:35.339584+00:00,2025-01-25 17:44:53.359762+00:00,0.0,0.0,-3.06,,LOSS,2,True,False,45.0,2024-11-20 21:15:00+00:00,CALL
WBYUKLob,VIX,BTO,CLOSED,1.38,1.38,0,6,2024-11-03 20:32:35.343711+00:00,2025-01-25 17:44:53.411419+00:00,0.0,0.0,-8.28,,LOSS,2,True,False,25.0,2024-11-20 21:15:00+00:00,CALL
HK48TXu7,COIN,BTO,CLOSED,7.8,7.8,0,6,2024-11-03 20:32:35.366402+00:00,2025-01-25 17:44:53.713550+00:00,0.0,0.0,-46.8,,LOSS,2,True,False,160.0,2024-11-01 21:15:00+00:00,PUT
f3XsxL4R,COIN,BTO,CLOSED,0.96,0.7,0,2,2024-11-01 18:04:50.774120+00:00,2025-01-25 17:44:52.591790+00:00,0.6,0.6,-0.2,,LOSS,1,True,True,182.5,2024-11-01 21:15:00+00:00,CALL
axUWzXa8,NVDA,BTO,CLOSED,2.4,1.98823529411765,0,8.5,2024-11-04 15:52:27.493431+00:00,2025-01-25 17:44:54.403613+00:00,0.817058823529412,0.817058823529412,-9.955,,LOSS,2,True,True,136.0,2024-11-08 21:15:00+00:00,PUT
SATxEtAS,NVDA,BTO,CLOSED,2.95,2.95,0,2,2024-11-05 16:44:33.531603+00:00,2025-01-25 17:44:56.476319+00:00,0.0,0.0,-5.9,,LOSS,1,True,True,140.0,2024-11-08 21:15:00+00:00,PUT
GGLRTT8E,SPY,BTO,CLOSED,1.47,1.36,0,2,2024-11-04 15:20:12.713554+00:00,2025-01-25 17:44:54.303519+00:00,2.3525,2.3525,1.985,,WIN,1,True,True,570.0,2024-11-05 21:15:00+00:00,PUT
Ls5f5EVe,SPY,BTO,CLOSED,1.36,1.332,0,5,2024-11-05 14:34:01.905222+00:00,2025-01-25 17:44:55.639321+00:00,0.0,0.0,-6.66,,LOSS,1,True,True,572.0,2024-11-05 21:15:00+00:00,PUT
V8AnjkNb,SPX,BTO,CLOSED,4.0,3.0,0,2,2024-11-05 14:50:04.738177+00:00,2025-01-25 17:44:55.857028+00:00,0.0,0.0,-6.0,,LOSS,1,True,True,5710.0,2024-11-05 21:15:00+00:00,PUT
JmikU5Ru,SPX,BTO,CLOSED,2.85,1.9,0,2,2024-11-13 14:40:50.860279+00:00,2025-01-25 17:44:58.220047+00:00,2.375,2.375,0.95,,WIN,1,True,True,6010.0,2024-11-13 21:15:00+00:00,CALL
PBMWXvQ5,SPX,BTO,CLOSED,4.8,4.37380952380952,0,2.1,2024-11-22 14:34:34.615818+00:00,2025-01-25 17:44:59.870554+00:00,6.17380952380952,6.17380952380952,3.78,,WIN,1,True,True,5980.0,2024-11-22 21:15:00+00:00,CALL
QdRNpJNL,SPY,BTO,CLOSED,0.36,0.18,0,3,2024-11-25 16:55:18.520943+00:00,2025-01-25 17:45:00.955628+00:00,0.0,0.0,-0.54,,LOSS,1,True,True,593.0,2024-11-26 21:15:00+00:00,PUT
fwrBfuhB,SPY,BTO,CLOSED,0.15,0.09,0,10,2024-11-27 18:37:31.834618+00:00,2025-01-25 17:45:01.603216+00:00,0.0,0.0,-0.9,,LOSS,1,True,True,600.0,2024-11-27 21:15:00+00:00,CALL
kMuBTH5Z,SPY,BTO,CLOSED,1.1,0.836666666666667,0,6,2024-11-04 17:27:13.477103+00:00,2025-01-25 17:44:55.067713+00:00,0.52,0.52,-1.9,,LOSS,1,True,True,570.0,2024-11-04 21:15:00+00:00,PUT
ZJYZ9IHN,SPY,BTO,CLOSED,0.3,0.3,0,1,2025-03-11 18:41:30.335000+00:00,2025-03-26 15:17:59.196000+00:00,0.58,0.58,0.28,,WIN,1,True,True,554.0,2025-03-11 20:30:00+00:00,P
GJDUSXAN,SPXW,BTO,CLOSED,11.1,11.1,0,1,2025-04-08 15:16:09.247000+00:00,2025-04-22 20:39:43.326000+00:00,0.0,0.0,-11.1,,LOSS,1,True,True,5250.0,2025-04-08 20:30:00+00:00,C
BaGV4VWJ,UVXY,BTO,CLOSED,25.01,24.5384,0,12.5,2024-11-03 20:32:35.329583+00:00,2024-12-18 19:11:57.162874+00:00,19.7256,19.7256,-60.16,,LOSS,2,False,False,,,
EuHPQZAr,SPX,BTO,CLOSED,1.15,1.15,0,1,2024-12-10 20:30:57.399889+00:00,2025-01-25 17:45:06.607246+00:00,1.0,1.0,-0.15,,LOSS,1,True,True,6040.0,2024-12-10 21:15:00+00:00,CALL
aYg6ohDn,SPY,BTO,CLOSED,0.36,0.36,0,6,2024-12-04 21:02:22.008173+00:00,2025-01-25 17:45:05.478041+00:00,0.0,0.0,-2.16,,LOSS,1,True,True,605.0,2024-12-05 21:15:00+00:00,PUT
WFwgjZuV,UVXY,BTO,CLOSED,0.77,0.77,0,2.5,2024-12-18 20:02:28.700704+00:00,2025-01-25 17:45:09.720705+00:00,1.672,1.672,2.255,,WIN,2,True,False,20.0,2024-12-27 21:15:00+00:00,PUT
cc9HTQ9i,SPY,BTO,CLOSED,0.17,0.17,0,6,2024-12-18 20:05:06.788072+00:00,2025-01-25 17:45:09.777073+00:00,0.1,0.1,-0.42,,LOSS,1,True,True,609.0,2024-12-20 21:15:00+00:00,CALL
kirFUX2f,SPY,BTO,CLOSED,0.8,0.8,0,3,2024-12-18 20:34:37.314777+00:00,2025-01-25 17:45:09.840416+00:00,0.55,0.55,-0.75,,LOSS,1,True,True,600.0,2024-12-20 21:15:00+00:00,CALL
ffjcWV6G,SPY,BTO,CLOSED,0.75,0.75,0,3,2024-12-18 21:14:30.500524+00:00,2025-01-25 17:45:10.016664+00:00,0.0,0.0,-2.25,,LOSS,1,True,True,595.0,2024-12-20 21:15:00+00:00,CALL
J7PKQSqJ,NVDA,BTO,CLOSED,2.45,2.45,0,4,2024-12-18 14:37:19.966259+00:00,2025-01-25 17:45:09.051324+00:00,4.35,4.35,7.6,,WIN,2,True,False,150.0,2025-01-17 00:00:00+00:00,CALL
2qES4MrS,SPY,BTO,CLOSED,0.28,0.21,0,12,2024-12-04 15:32:00.257835+00:00,2025-01-25 17:45:03.817414+00:00,0.04,0.04,-2.04,,LOSS,1,True,True,604.0,2024-12-04 21:15:00+00:00,PUT
mGDpYNJy,SPX,BTO,CLOSED,6.3,6.3,0,1,2024-12-11 15:43:12.410273+00:00,2025-01-25 17:45:06.767576+00:00,9.65,9.65,3.35,,WIN,1,True,True,6105.0,2024-12-13 21:15:00+00:00,CALL
NSV2fhE5,NVDA,BTO,CLOSED,1.01,0.95,0,2,2024-12-13 15:43:52.362953+00:00,2025-01-25 17:45:07.915198+00:00,0.74,0.74,-0.84,,LOSS,1,True,True,138.0,2024-12-13 21:15:00+00:00,CALL
2vTn9ELL,NVDA,BTO,CLOSED,0.38,0.38,0,4,2024-12-16 15:00:12.764179+00:00,2025-01-25 17:45:08.549591+00:00,0.0,0.0,-1.52,,LOSS,2,True,True,142.0,2024-12-20 21:15:00+00:00,CALL
hyqwE3ZZ,NVDA,BTO,CLOSED,3.2,3.0,0,2,2024-12-16 16:18:00.299321+00:00,2025-01-25 17:45:08.716820+00:00,7.1,7.1,12.3,,WIN,2,True,False,133.0,2024-12-27 21:15:00+00:00,CALL
bMDNMWRq,SPY,BTO,CLOSED,1.02,1.02,0,2,2024-12-05 20:19:22.578798+00:00,2025-01-25 17:45:05.839579+00:00,1.185,1.185,0.33,,WIN,1,True,True,606.0,2024-12-05 21:15:00+00:00,CALL
UzmyDnEq,SPX,BTO,CLOSED,4.9,3.26666666666667,0,2,2024-12-18 19:44:04.298333+00:00,2025-01-25 17:45:09.507407+00:00,0.0,0.0,-19.6,,LOSS,1,True,True,6020.0,2024-12-18 21:15:00+00:00,CALL
ha4CmxL8,SPX,BTO,CLOSED,4.1,4.1,0,1,2024-12-11 15:56:29.997130+00:00,2025-01-25 17:45:06.820497+00:00,0.0,0.0,-4.1,,LOSS,1,True,True,6050.0,2024-12-12 21:15:00+00:00,PUT
7pcjxTQm,NVDA,BTO,CLOSED,1.01,0.95,0,2,2024-12-13 14:49:33.619953+00:00,2025-01-25 17:45:07.430397+00:00,0.74,0.74,-0.84,,LOSS,1,True,True,138.0,2024-12-13 21:15:00+00:00,CALL
isvsxhVe,AMZN,BTO,CLOSED,4.25,4.25,0,2,2024-12-04 15:12:45.922304+00:00,2025-01-25 17:45:03.428812+00:00,3.8375,3.8375,-0.824999999999999,,LOSS,2,True,False,225.0,2025-01-03 21:15:00+00:00,CALL
Ky4zGCKa,NVDA,BTO,CLOSED,1.69,1.585,0,2,2024-12-10 17:11:29.298023+00:00,2025-01-25 17:45:06.505264+00:00,2.11,2.11,2.1,,WIN,2,True,False,142.0,2024-12-20 21:15:00+00:00,CALL
7dcQDH7L,KWEB,BTO,CLOSED,0.12,0.12,0,4,2024-12-13 14:42:16.478313+00:00,2025-01-25 17:45:07.354279+00:00,0.0,0.0,-0.48,,LOSS,2,True,False,34.0,2024-12-27 21:15:00+00:00,CALL
DrAHhAJ3,SPY,BTO,CLOSED,2.84,2.095,0,2,2024-12-16 17:42:54.065434+00:00,2025-01-25 17:45:08.836625+00:00,0.0,0.0,-12.57,,LOSS,2,True,False,620.0,2025-01-17 00:00:00+00:00,CALL
YJzFrFsA,SPY,BTO,CLOSED,0.09,0.09,0,6,2024-12-04 19:19:08.171998+00:00,2025-01-25 17:45:04.935748+00:00,0.0,0.0,-0.54,,LOSS,1,True,True,605.0,2024-12-04 21:15:00+00:00,PUT
M67JjCb5,KWEB,BTO,CLOSED,0.26,0.26,0,6,2024-12-04 20:36:10.169118+00:00,2025-01-25 17:45:05.298494+00:00,0.0,0.0,-1.56,,LOSS,2,True,False,32.0,2024-12-13 21:15:00+00:00,CALL
F3AapwKz,QQQ,BTO,CLOSED,0.35,0.35,0,6,2024-12-04 21:02:05.524174+00:00,2025-01-25 17:45:05.414139+00:00,0.0,0.0,-2.1,,LOSS,1,True,True,526.0,2024-12-05 21:15:00+00:00,CALL
9YUAQyLY,AMZN,STO,CLOSED,2.02,2.02,0,3,2024-12-04 15:48:12.005792+00:00,2025-01-25 17:45:04.013714+00:00,1.03,1.03,-2.97,,LOSS,1,True,True,220.0,2024-12-06 21:15:00+00:00,CALL
QtqRAcM3,SPX,BTO,CLOSED,2.45,1.53,0,2.5,2024-12-04 16:02:29.820617+00:00,2025-01-25 17:45:04.150449+00:00,1.14,1.14,-0.975,,LOSS,1,True,True,6060.0,2024-12-04 21:15:00+00:00,PUT
mwAxskLS,BITO,BTO,CLOSED,1.11,1.11,0,1,2024-12-04 15:09:45.533746+00:00,2025-01-25 17:45:03.329334+00:00,2.008,2.008,0.898,,WIN,2,True,False,25.0,2024-12-20 21:15:00+00:00,CALL
YR6USjdi,NVDA,BTO,CLOSED,1.11,0.7525,0,8,2024-12-04 15:52:20.394135+00:00,2025-01-25 17:45:04.088125+00:00,0.1125,0.1125,-5.12,,LOSS,1,True,True,141.0,2024-12-06 21:15:00+00:00,PUT
P878tDcg,XOP,BTO,CLOSED,1.24,1.24,0,5,2024-12-16 16:46:13.092704+00:00,2025-02-28 00:00:00+00:00,0.0,0.0,-6.2,,LOSS,2,True,False,150.0,2025-02-21 21:15:00+00:00,CALL
26ouNiRh,NVDA,BTO,CLOSED,1.42,1.42,0,6,2024-12-04 15:06:53.477682+00:00,2025-02-28 00:00:00+00:00,0.0,0.0,-8.52,,LOSS,2,True,False,185.0,2025-02-21 21:15:00+00:00,CALL
YCL5QFCN,SPXW,BTO,CLOSED,12.3,12.3,0,1,2025-03-12 13:32:01.696000+00:00,2025-03-26 15:17:53.980000+00:00,0.0,0.0,-12.3,,LOSS,1,True,True,5680.0,2025-03-12 20:30:00+00:00,C
FfJsRR8G,NVDA,BTO,CLOSED,132.37,132.37,0,2,2024-12-16 14:58:51.796982+00:00,2024-12-30 14:17:54.820559+00:00,134.47,134.47,4.19999999999999,,WIN,2,False,False,,,
QbtPfmXQ,AMZN,BTO,CLOSED,3.4,2.55909090909091,0,4,2024-12-04 15:07:57.028296+00:00,2025-01-21 15:07:30.076159+00:00,3.84805194805195,3.84805194805195,9.925,,WIN,2,True,False,250.0,2025-02-21 00:00:00+00:00,CALL
7AWT3v86,NVDA,BTO,CLOSED,3.05,2.895,0,2,2024-12-30 14:52:04.230495+00:00,2025-01-25 17:45:11.165622+00:00,3.51375,3.51375,2.475,,WIN,2,True,True,137.0,2025-01-03 21:15:00+00:00,CALL
29aePwW8,SPX,STO,CLOSED,22.4,22.4,0,.6,2025-01-14 17:47:07.142722+00:00,2025-01-25 17:45:19.061432+00:00,12.85,12.85,-5.73,,LOSS,1,True,True,5750.0,2025-01-17 00:00:00+00:00,PUT
jwYJUpwZ,SPX,BTO,CLOSED,17.0,17.0,0,1,2025-01-14 17:46:27.632592+00:00,2025-01-25 17:45:19.019223+00:00,23.9,23.9,6.9,,WIN,1,True,True,5900.0,2025-01-17 00:00:00+00:00,CALL
imWB4KqK,SPX,BTO,CLOSED,1.7,1.7,0,2,2025-01-13 15:25:48.389837+00:00,2025-01-25 17:45:18.371181+00:00,3.0,3.0,2.6,,WIN,1,True,True,5840.0,2025-01-13 00:00:00+00:00,CALL
kugwGk7M,SPX,BTO,CLOSED,1.5,1.025,0,1,2025-01-13 16:06:14.557850+00:00,2025-01-25 17:45:18.529042+00:00,1.35,1.35,0.65,,WIN,1,True,True,5840.0,2025-01-13 00:00:00+00:00,CALL
CPynLNXF,QQQ,BTO,CLOSED,1.65,1.65,0,1,2024-12-31 14:43:25.925198+00:00,2025-01-25 17:45:12.216904+00:00,1.82,1.82,0.17,,WIN,1,True,True,517.0,2024-12-31 21:15:00+00:00,CALL
aFEei2Tq,CVNA,BTO,CLOSED,1.12,1.12,0,1,2025-01-07 16:36:16.648500+00:00,2025-01-25 17:45:16.469437+00:00,0.0,0.0,-1.12,,LOSS,1,True,True,215.0,2025-01-10 21:15:00+00:00,CALL
AZMDgGgk,QQQ,BTO,CLOSED,1.55,1.55,0,2,2025-01-07 16:57:00.489593+00:00,2025-01-25 17:45:16.568051+00:00,0.0,0.0,-3.1,,LOSS,1,True,True,517.0,2025-01-07 21:15:00+00:00,CALL
Uy97gWVo,SPX,BTO,CLOSED,1.7,1.22857142857143,0,4,2025-01-07 18:21:02.551929+00:00,2025-01-25 17:45:16.807573+00:00,0.0,0.0,-8.6,,LOSS,2,True,False,6200.0,2025-01-22 00:00:00+00:00,CALL
YwjJP7N2,SPY,BTO,CLOSED,0.08,0.08,0,6,2025-01-07 18:47:18.429174+00:00,2025-01-25 17:45:16.893987+00:00,0.0,0.0,-0.48,,LOSS,2,True,False,617.0,2025-01-16 00:00:00+00:00,CALL
EAjCJLZs,MSTR,BTO,CLOSED,4.0,4.0,0,2,2025-01-06 18:09:56.888457+00:00,2025-01-25 17:45:15.232039+00:00,2.65,2.65,-2.7,,LOSS,2,True,True,335.0,2025-01-10 00:00:00+00:00,PUT
o6NuyG4o,SPX,BTO,CLOSED,5.3,5.3,0,.5,2025-01-06 14:32:09.757407+00:00,2025-01-25 17:45:14.467025+00:00,2.55,2.55,-1.375,,LOSS,1,True,True,5955.0,2025-01-06 00:00:00+00:00,PUT
KnF3unNX,SPX,BTO,CLOSED,1.3,1.075,0,1,2025-01-08 19:32:04.038693+00:00,2025-01-25 17:45:17.154343+00:00,0.5,0.5,-1.15,,LOSS,1,True,True,5940.0,2025-01-08 00:00:00+00:00,CALL
EYWdd4wg,SPY,BTO,CLOSED,1.4,0.74,0,1,2025-01-07 14:38:53.795518+00:00,2025-01-25 17:45:15.856242+00:00,0.0,0.0,-2.22,,LOSS,1,True,True,597.0,2025-01-07 21:15:00+00:00,CALL
BTwV898c,NVDA,BTO,CLOSED,1.42,1.42,0,3,2025-01-07 15:00:23.257407+00:00,2025-01-25 17:45:15.944386+00:00,0.0,0.0,-4.26,,LOSS,1,True,True,150.0,2025-01-10 21:15:00+00:00,CALL
86DMdft6,QQQ,BTO,CLOSED,0.73,0.73,0,1,2025-01-06 14:34:19.143757+00:00,2025-01-25 17:45:14.525183+00:00,0.47,0.47,-0.26,,LOSS,1,True,True,522.0,2025-01-06 00:00:00+00:00,PUT
QSHF5WEA,SPX,BTO,CLOSED,1.7,1.7,0,2,2025-01-06 18:06:23.695488+00:00,2025-01-25 17:45:15.182000+00:00,2.775,2.775,2.15,,WIN,1,True,True,5920.0,2025-01-07 00:00:00+00:00,PUT
H5TLAeFX,MSTR,BTO,CLOSED,6.2,6.2,0,1,2024-12-31 16:38:38.307489+00:00,2025-01-25 17:45:12.592230+00:00,7.525,7.525,1.325,,WIN,1,True,True,305.0,2025-01-03 21:15:00+00:00,CALL
TAsffS6Z,QQQ,BTO,CLOSED,0.25,0.183333333333333,0,4,2024-12-31 17:40:22.538357+00:00,2025-01-25 17:45:12.652753+00:00,0.166666666666667,0.166666666666667,-0.1,,LOSS,1,True,True,515.0,2024-12-31 21:15:00+00:00,CALL
SgZ3rQdc,SPY,BTO,CLOSED,2.47,2.47,0,2,2025-01-02 18:45:19.589209+00:00,2025-01-25 17:45:13.477224+00:00,2.625,2.625,0.31,,WIN,1,True,True,583.0,2025-01-03 21:15:00+00:00,CALL
95DenuuA,MSTR,BTO,CLOSED,6.5,6.075,0,1,2025-01-02 18:46:17.126837+00:00,2025-01-25 17:45:13.520704+00:00,10.85,10.85,9.55,,WIN,1,True,True,295.0,2025-01-03 21:15:00+00:00,CALL
ELLLBHKy,SPX,BTO,CLOSED,3.1,3.1,0,1,2024-12-31 16:33:27.822802+00:00,2025-01-25 17:45:12.549914+00:00,0.0,0.0,-3.1,,LOSS,1,True,True,5930.0,2024-12-31 21:15:00+00:00,CALL
akBg3qhS,SPX,Buy to Open,CLOSED,1.4,1.4,0,1,2024-10-04 13:31:42.049792+00:00,2025-01-25 17:44:45.484485+00:00,0.0,0.0,-1.4,,LOSS,1,True,True,5650.0,2024-10-04 21:15:00+00:00,PUT
A4UZqhJb,NVDA,Buy to Open,CLOSED,0.4,0.4,0,2,2024-10-09 14:04:32.838562+00:00,2025-01-25 17:44:46.830651+00:00,0.0,0.0,-0.8,,LOSS,2,True,False,111.0,2024-10-25 21:15:00+00:00,PUT
acqj3rFi,TSM,BTO,CLOSED,0.62,0.62,0,1,2024-11-27 18:45:33.117130+00:00,2025-01-25 17:45:01.719204+00:00,0.81,0.81,0.19,,WIN,1,True,True,182.5,2024-11-29 21:15:00+00:00,CALL
75tPoQdZ,NVDA,BTO,CLOSED,1.44,1.44,0,2,2024-11-27 19:20:34.000675+00:00,2025-01-25 17:45:01.779150+00:00,3.2975,3.2975,3.715,,WIN,2,True,False,138.0,2024-12-06 21:15:00+00:00,CALL
27Nmm8tg,MSTR,BTO,CLOSED,34.95,34.95,0,1,2025-01-07 17:20:26.471571+00:00,2025-01-17 19:57:35.988665+00:00,53.75,53.75,18.8,,WIN,2,True,False,400.0,2025-02-21 00:00:00+00:00,CALL
PX8nebv4,QQQ,BTO,CLOSED,3.22,3.135,0,2,2024-12-30 14:49:25.941756+00:00,2025-01-25 17:45:11.090251+00:00,5.31225,5.31225,8.709,,WIN,1,True,True,514.0,2024-12-31 21:15:00+00:00,CALL
gjSBMkZF,SPX,BTO,CLOSED,7.1,7.1,0,2,2025-01-14 20:38:41.775909+00:00,2025-01-25 17:45:19.462877+00:00,40.2,40.2,66.2,,WIN,1,True,True,5900.0,2025-01-15 00:00:00+00:00,CALL
iMXmTRb9,SPX,BTO,CLOSED,1.0,1.0,0,.70,2024-12-10 16:50:43.152988+00:00,2025-01-25 17:45:06.419807+00:00,0.25,0.25,-0.525,,LOSS,1,True,True,6070.0,2024-12-10 21:15:00+00:00,CALL
aTKHDAPS,UVXY,BTO,CLOSED,18.26,18.26,0,6,2025-01-21 16:41:55.215938+00:00,2025-03-05 16:06:31.633000+00:00,23.36,23.36,30.6,,WIN,2,False,False,,,
VY3BHE4c,IWM,BTO,CLOSED,0.44,0.44,0,3,2025-01-14 20:24:07.555711+00:00,2025-01-25 17:45:19.412759+00:00,1.76666666666667,1.76666666666667,3.98,,WIN,1,True,True,224.0,2025-01-15 00:00:00+00:00,CALL
EF27ruHq,SPX,BTO,CLOSED,12.2,12.2,0,6,2024-09-30 13:02:47.015830+00:00,2025-01-25 17:44:43.227285+00:00,18.4,18.4,37.2,,WIN,2,True,False,5850.0,2024-10-16 21:15:00+00:00,
o4ZvJFDq,OXY,BTO,CLOSED,0.62,0.62,0,6,2024-09-30 13:31:13.597888+00:00,2025-01-25 17:44:43.409884+00:00,0.0,0.0,-3.72,,LOSS,2,True,False,60.0,2024-12-20 21:15:00+00:00,CALL
2TWmu2Kx,NVDA,BTO,CLOSED,3.1,2.812,0,2,2025-01-07 15:00:44.102644+00:00,2025-01-25 17:45:15.998861+00:00,0.0,0.0,-14.06,,LOSS,2,True,False,150.0,2025-01-17 00:00:00+00:00,CALL
7MNtaB4N,SPX,BTO,CLOSED,13.2,11.95,0,1,2024-12-20 15:49:15.809673+00:00,2025-01-25 17:45:10.203232+00:00,0.0,0.0,-23.9,,LOSS,1,True,True,5900.0,2024-12-20 21:15:00+00:00,PUT
fQBDYsTP,NVDA,BTO,CLOSED,1.18,0.98,0,2,2024-12-13 15:39:36.704912+00:00,2025-01-25 17:45:07.853895+00:00,0.7,0.7,-1.12,,LOSS,2,True,True,142.0,2024-12-20 21:15:00+00:00,CALL
U3AMifyg,SPX,STO,CLOSED,25.45,25.45,0,6,2025-01-23 14:30:31.753593+00:00,2025-03-26 15:17:48.227000+00:00,0.0,0.0,-152.7,,LOSS,2,True,False,6350.0,2025-03-21 21:15:00+00:00,CALL
U81LV801,MSTR,BTO,CLOSED,0.96,0.96,0,1,2025-03-12 13:37:06.399000+00:00,2025-03-26 15:17:34.847000+00:00,0.0,0.0,-0.96,,LOSS,1,True,True,302.5,2025-03-14 20:30:00+00:00,C
5Z3UWENe,SQQQ,BTO,CLOSED,0.42,0.465714285714286,0,7,2024-10-25 13:59:45.246304+00:00,2025-01-25 17:44:50.175631+00:00,0.214285714285714,0.214285714285714,-1.76,,LOSS,2,True,False,7.0,2024-11-15 21:15:00+00:00,CALL
C1QVD1LK,SPY,BTO,CLOSED,1.5,1.225,0,1,2025-03-10 14:03:22.635000+00:00,2025-03-26 15:18:04.182000+00:00,0.0,0.0,-2.45,,LOSS,1,True,True,570.0,2025-03-10 20:30:00+00:00,C
gTvgoHKK,SPY,BTO,CLOSED,0.48,0.435,0,4,2024-11-26 14:46:07.249761+00:00,2025-01-25 17:45:01.033793+00:00,0.0,0.0,-1.74,,LOSS,1,True,True,597.0,2024-11-26 21:15:00+00:00,PUT
FcKrTL84,SPY,BTO,CLOSED,1.11,1.11,0,2,2025-01-22 14:41:49.122160+00:00,2025-02-28 00:00:00+00:00,0.0,0.0,-2.22,,LOSS,1,True,True,604.0,2025-01-23 21:15:00+00:00,PUT
QRN88E4E,SPX,BTO,CLOSED,25.9,12.705,0,2.0,2024-10-25 12:25:28.966480+00:00,2025-01-25 17:44:50.076411+00:00,10.5,10.5,-4.41,,LOSS,1,True,True,5825.0,2024-10-30 21:15:00+00:00,PUT
dLuEunXw,SPY,BTO,CLOSED,10.3,4.08954545454545,0,11.0,2024-11-04 17:04:53.276572+00:00,2025-01-25 17:44:54.839310+00:00,0.0,0.0,-44.985,,LOSS,2,True,False,570.0,2024-11-22 21:15:00+00:00,PUT
cr4cVwMh,SPY,BTO,CLOSED,2.22,1.93,0,3,2024-11-13 14:31:57.855345+00:00,2025-01-25 17:44:58.170160+00:00,3.36666666666667,3.36666666666667,4.31,,WIN,1,True,True,597.0,2024-11-15 21:15:00+00:00,PUT
bR5K5aTd,QQQ,BTO,CLOSED,0.72,0.72,0,6,2025-01-23 14:36:43.516239+00:00,2025-02-28 00:00:00+00:00,0.0,0.0,-4.32,,LOSS,1,True,True,524.0,2025-01-24 21:15:00+00:00,PUT
77HqGzrR,SPX,BTO,CLOSED,17.2,17.2,0,3,2025-01-21 15:06:31.232999+00:00,2025-02-28 00:00:00+00:00,0.0,0.0,-17.2,,LOSS,1,True,True,5975.0,2025-01-24 21:15:00+00:00,PUT
6sm5m3Yu,SPX,BTO,CLOSED,2.95,2.67777777777778,0,2,2025-01-22 14:41:10.459878+00:00,2025-02-28 00:00:00+00:00,0.0,0.0,-7.23,,LOSS,1,True,True,5975.0,2025-01-24 21:15:00+00:00,PUT
Lvk52gha,SPX,BTO,CLOSED,10.5,7.9075,0,.6,2025-01-23 15:17:11.843786+00:00,2025-02-28 00:00:00+00:00,0.0,0.0,-31.63,,LOSS,1,True,True,6085.0,2025-01-23 21:15:00+00:00,PUT
ViHQFrVa,SPX,BTO,CLOSED,0.4,0.4,0,1,2025-01-23 14:56:46.540747+00:00,2025-02-28 00:00:00+00:00,0.0,0.0,-0.4,,LOSS,1,True,True,6000.0,2025-01-23 21:15:00+00:00,PUT
ESwpQM6f,QQQ,BTO,CLOSED,1.33,0.9575,0,1,2025-01-15 15:37:00.066991+00:00,2025-02-28 00:00:00+00:00,1.125,1.125,0.67,,WIN,1,True,True,515.0,2025-01-15 00:00:00+00:00,PUT
Cqm8NNhk,BITO,BTO,CLOSED,22.25,22.25,0,6,2024-12-30 15:12:59.228342+00:00,2025-01-21 14:59:22.745613+00:00,25.04,25.04,16.74,,WIN,3,False,False,,,
2dhovZgm,SPY,BTO,CLOSED,1.39,1.39,0,3,2024-11-04 18:17:16.080126+00:00,2025-01-25 17:44:55.409916+00:00,0.0,0.0,-4.17,,LOSS,1,True,True,569.0,2024-11-05 21:15:00+00:00,PUT
2EBFDAtx,SPY,BTO,CLOSED,1.15,1.15,0,1.5,2024-11-21 14:42:47.678585+00:00,2025-01-25 17:44:59.656862+00:00,1.55333333333333,1.55333333333333,0.605,,WIN,1,True,True,593.0,2024-11-22 21:15:00+00:00,CALL
2FV4J2Xd,AMD,Buy to Open,CLOSED,1.04,0.876666666666667,0,3,2024-10-04 13:43:03.061174+00:00,2025-01-25 17:44:45.595881+00:00,0.7,0.7,-0.53,,LOSS,1,True,True,167.5,2024-10-04 21:15:00+00:00,
g3shqHqy,MSTR,Buy to Open,CLOSED,7.5,7.5,0,2,2024-10-04 19:55:35.739357+00:00,2025-01-25 17:44:45.947305+00:00,0.0,0.0,-15.0,,LOSS,2,True,False,170.0,2024-10-20 21:15:00+00:00,PUT
JTX8yURC,SPX,Buy to Open,CLOSED,2.85,2.85,0,2,2024-10-07 15:14:20.639666+00:00,2025-01-25 17:44:46.065257+00:00,10.775,10.775,15.85,,WIN,1,True,True,5710.0,2024-10-07 21:15:00+00:00,
KMfKh84h,COIN,Buy to Open,CLOSED,7.8,7.8,0,6,2024-10-07 15:25:03.226302+00:00,2025-01-25 17:44:46.247183+00:00,0.0,0.0,-46.8,,LOSS,2,True,False,160.0,2024-11-01 21:15:00+00:00,PUT
iMafkBmL,SPX,Buy to Open,CLOSED,3.8,3.8,0,1,2024-10-08 16:06:15.141893+00:00,2025-01-25 17:44:46.626546+00:00,0.0,0.0,-3.8,,LOSS,1,True,True,5720.0,2024-10-08 21:15:00+00:00,PUT
kpW2T9kS,CVNA,Buy to Open,CLOSED,1.16,1.16,0,1,2024-10-08 16:50:58.035425+00:00,2025-01-25 17:44:46.714608+00:00,0.0,0.0,-1.16,,LOSS,2,True,False,170.0,2024-10-18 21:15:00+00:00,PUT
QfbmfCFe,SPX,Buy to Open,CLOSED,0.45,0.45,0,1,2024-10-08 19:32:58.021282+00:00,2025-01-25 17:44:46.773420+00:00,0.0,0.0,-0.45,,LOSS,1,True,True,5740.0,2024-10-08 21:15:00+00:00,PUT
K54iZTDy,SPX,Buy to Open,CLOSED,1.3,1.3,0,1,2024-10-09 14:08:23.149393+00:00,2025-01-25 17:44:46.883812+00:00,0.0,0.0,-1.3,,LOSS,1,True,True,5710.0,2024-10-09 21:15:00+00:00,PUT
X4fJypSS,SOXL,Buy to Open,CLOSED,0.36,0.36,0,1,2024-10-10 15:24:42.534401+00:00,2025-01-25 17:44:47.444269+00:00,0.0,0.0,-0.36,,LOSS,1,True,True,36.5,2024-10-11 21:15:00+00:00,PUT
mymyW7or,NVDA,Buy to Open,CLOSED,1.16,1.16,0,2,2024-10-10 16:36:45.229963+00:00,2025-01-25 17:44:47.633206+00:00,0.0,0.0,-2.32,,LOSS,1,True,True,134.0,2024-10-11 21:15:00+00:00,PUT
kovPL4mu,AMD,Buy to Open,CLOSED,0.08,0.08,0,2,2024-10-11 17:31:10.310213+00:00,2025-01-25 17:44:47.924204+00:00,0.1,0.1,0.04,,WIN,1,True,True,170.0,2024-10-11 21:15:00+00:00,PUT
YWi3Yo5f,SOXL,Buy to Open,CLOSED,0.08,0.08,0,2,2024-10-11 18:37:06.589006+00:00,2025-01-25 17:44:48.080933+00:00,0.0,0.0,-0.16,,LOSS,1,True,True,38.5,2024-10-11 21:15:00+00:00,PUT
ZUYpewJB,UVXY,Buy to Open,CLOSED,1.15,1.15,0,3,2024-10-11 19:10:19.456988+00:00,2025-01-25 17:44:48.178904+00:00,0.0,0.0,-3.45,,LOSS,3,True,True,28.0,2024-10-18 21:15:00+00:00,
D76oTCkJ,AAPL,BTO,CLOSED,1.0,1.0,0,0.5,2024-10-25 19:30:48.653187+00:00,2025-01-25 17:44:50.239660+00:00,1.2,1.2,0.1,,WIN,1,True,True,232.5,2024-10-25 21:15:00+00:00,PUT
WnMXchi7,AAPL,BTO,CLOSED,0.03,0.03,0,1,2024-10-25 19:32:05.138318+00:00,2025-01-25 17:44:50.293575+00:00,0.0,0.0,-0.03,,LOSS,1,True,True,230.0,2024-10-25 21:15:00+00:00,PUT
MAPBusrU,MSTR,BTO,CLOSED,1.71,1.71,0,2,2024-10-25 19:43:08.797104+00:00,2025-01-25 17:44:50.357967+00:00,0.0,0.0,-3.42,,LOSS,2,True,True,200.0,2024-11-01 21:15:00+00:00,PUT
KK5knQmr,UVXY,BTO,CLOSED,2.36,2.36,0,4,2024-11-04 16:17:12.825749+00:00,2025-01-25 17:44:54.560571+00:00,0.0,0.0,-9.44,,LOSS,2,True,False,32.0,2024-11-22 21:15:00+00:00,CALL
GDJBDYyX,SPY,BTO,CLOSED,0.15,0.15,0,3,2024-11-04 17:59:18.796272+00:00,2025-01-25 17:44:55.284304+00:00,0.0,0.0,-0.45,,LOSS,1,True,True,567.0,2024-11-04 21:15:00+00:00,PUT
FSkF7Msx,SPY,BTO,CLOSED,0.93,0.93,0,5,2024-11-05 16:33:19.279981+00:00,2025-01-25 17:44:56.419968+00:00,0.0,0.0,-4.65,,LOSS,1,True,True,575.0,2024-11-05 21:15:00+00:00,PUT
SYXezJcB,IWM,BTO,CLOSED,0.05,0.05,0,2,2024-11-05 20:00:23.664794+00:00,2025-01-25 17:44:56.649371+00:00,0.0,0.0,-0.1,,LOSS,1,True,True,222.0,2024-11-05 21:15:00+00:00,PUT
gF7GrBFy,TLT,BTO,CLOSED,0.12,0.12,0,1,2024-11-07 19:04:17.212248+00:00,2025-01-25 17:44:57.330319+00:00,0.0,0.0,-0.12,,LOSS,1,True,True,90.0,2024-11-08 21:15:00+00:00,PUT
cTKimdyx,SPX,BTO,CLOSED,9.2,9.2,0,1,2024-11-12 14:37:52.888046+00:00,2025-01-25 17:44:58.033790+00:00,9.1,9.1,-0.0999999999999996,,LOSS,1,True,True,5980.0,2024-11-13 21:15:00+00:00,PUT
ZVjLDiHd,IWM,BTO,CLOSED,0.36,0.36,0,2,2024-11-19 14:35:24.757590+00:00,2025-01-25 17:44:59.439383+00:00,0.0,0.0,-0.72,,LOSS,1,True,True,221.0,2024-11-22 21:15:00+00:00,PUT
NLU6H4TC,SPY,BTO,CLOSED,4.21,4.21,0,1,2025-01-31 20:07:08.667000+00:00,2025-02-11 19:01:46.970027+00:00,0.0,0.0,-4.21,,LOSS,2,True,False,600.0,2025-02-07 20:30:00+00:00,P
HVRF4YK2,SPY,BTO,CLOSED,0.85,0.85,0,1,2024-11-25 14:46:36.778316+00:00,2025-01-25 17:45:00.775522+00:00,2.535,2.535,1.685,,WIN,1,True,True,600.0,2024-11-25 21:15:00+00:00,PUT
H69syJFa,UVXY,BTO,CLOSED,0.3,0.3,0,1,2024-11-26 15:19:33.674293+00:00,2025-01-25 17:45:01.226221+00:00,0.0,0.0,-0.3,,LOSS,1,True,True,20.5,2024-11-29 21:15:00+00:00,CALL
6tpG5no3,SPX,BTO,CLOSED,2.25,2.25,0,.5,2025-01-10 14:48:57.693753+00:00,2025-01-25 17:45:17.473017+00:00,0.0,0.0,-1.125,,LOSS,1,True,True,5915.0,2025-01-10 21:15:00+00:00,CALL
VJEXF9MM,COIN,BTO,CLOSED,0.73,0.73,0,.5,2025-01-10 17:01:04.301068+00:00,2025-01-25 17:45:17.697462+00:00,0.96,0.96,0.115,,WIN,1,True,True,260.0,2025-01-10 21:15:00+00:00,CALL
QYAh8ya5,SPX,BTO,CLOSED,4.7,4.7,0,3,2025-01-13 14:39:09.871554+00:00,2025-01-25 17:45:18.304137+00:00,14.8333333333333,14.8333333333333,30.4,,WIN,1,True,True,5905.0,2025-01-15 00:00:00+00:00,CALL
brBbr5X6,ES,BTO,CLOSED,23.5,20.75,0,.5,2025-01-13 01:39:13.372920+00:00,2025-01-25 17:45:18.046751+00:00,28.5,28.5,7.75,,WIN,1,True,True,5850.0,2025-01-13 00:00:00+00:00,C
4eCwzQj9,MSTR,BTO,CLOSED,10.8,9.2625,0,.5,2025-01-10 14:31:13.182700+00:00,2025-01-25 17:45:17.358122+00:00,12.475,12.475,6.425,,WIN,2,True,True,350.0,2025-01-17 00:00:00+00:00,CALL
hxR6Xv5u,AMZN,BTO,CLOSED,6.15,6.15,0,1,2024-12-30 15:11:37.787346+00:00,2025-01-25 17:45:11.467465+00:00,8.625,8.625,2.475,,WIN,2,True,False,220.0,2025-01-24 00:00:00+00:00,CALL
5T7cLmSM,SPY,BTO,CLOSED,2.29,2.025,0,1,2025-01-02 17:52:00.961011+00:00,2025-01-25 17:45:13.314220+00:00,4.18,4.18,8.62,,WIN,2,True,True,587.0,2025-01-07 21:15:00+00:00,CALL
eZewgioE,SPY,BTO,CLOSED,1.17,1.17,0,2,2024-11-27 14:40:22.490357+00:00,2025-01-25 17:45:01.438198+00:00,1.12,1.12,-0.0999999999999996,,LOSS,1,True,True,600.0,2024-11-27 21:15:00+00:00,CALL
J5yPuyBb,SPY,BTO,CLOSED,2.6,2.6,0,2,2024-11-27 20:51:12.720298+00:00,2025-01-25 17:45:01.940474+00:00,4.18,4.18,3.16,,WIN,2,True,False,600.0,2024-12-05 21:15:00+00:00,CALL
fSghKiKh,QQQ,BTO,CLOSED,1.67,1.67,0,3,2024-12-03 14:49:21.400295+00:00,2025-01-25 17:45:02.873646+00:00,1.41,1.41,-0.78,,LOSS,1,True,True,514.0,2024-12-04 21:15:00+00:00,PUT
nF4XJGFG,SPX,BTO,CLOSED,7.0,7.0,0,1,2024-12-03 19:33:50.275951+00:00,2025-01-25 17:45:03.047250+00:00,7.6,7.6,0.6,,WIN,1,True,True,6055.0,2024-12-03 21:15:00+00:00,PUT
dv5PCywh,GLD,BTO,CLOSED,5.85,5.85,0,1,2024-12-16 16:17:04.197873+00:00,2025-04-11 15:54:17.825000+00:00,30.085,30.085,24.235,,WIN,3,True,False,255.0,2025-04-17 21:15:00+00:00,CALL
IK96WFV2,SOXL,BTO,CLOSED,0.47,0.403333333333333,0,1,2025-04-09 19:00:47.042000+00:00,2025-04-22 20:40:12.148000+00:00,0.158333333333333,0.158333333333333,-0.735,,LOSS,2,True,False,9.0,2025-04-17 20:30:00+00:00,P
YCIL1MOY,SLV,BTO,CLOSED,3.1,3.1,0,1,2025-04-23 14:53:02.489000+00:00,2025-05-07 21:00:01.900000+00:00,2.12,2.12,-0.98,,LOSS,2,True,False,27.5,2025-05-07 20:30:00+00:00,C
NBVOW519,NEM,BTO,CLOSED,0.51,0.51,0,1,2025-04-23 14:49:03.055000+00:00,2025-05-16 21:00:02.109000+00:00,0.0,0.0,-0.51,,LOSS,2,True,False,60.0,2025-05-16 20:30:00+00:00,C
ZLV11O33,IWM,BTO,CLOSED,0.62,0.605,0,1,2025-04-23 14:27:22.764000+00:00,2025-05-16 21:00:02.204000+00:00,0.0,0.0,-1.21,,LOSS,2,True,False,169.0,2025-05-16 20:30:00+00:00,P
QGOQ1Z20,SPXW,BTO,CLOSED,22.8,25.8,0,1,2025-04-30 19:43:53.233000+00:00,2025-05-12 13:32:35.903000+00:00,74.15,74.15,96.7,,WIN,2,True,False,5800.0,2025-05-28 20:30:00+00:00,C
PSROQA24,YINN,BTO,CLOSED,1.81,1.81,0,1,2025-05-07 18:13:15.298000+00:00,2025-05-21 13:42:44.436000+00:00,3.555,3.555,1.745,,WIN,2,True,False,36.0,2025-05-23 20:30:00+00:00,C
ZT5zTNrC,NVDA,BTO,CLOSED,22.35,22.35,0,1,2025-01-07 18:32:08.668101+00:00,2025-05-29 13:35:49.505000+00:00,7.55,7.55,-14.8,,LOSS,3,True,False,140.0,2025-06-20 21:15:00+00:00,CALL
J9G7E7CV,IWM,BTO,CLOSED,0.25,0.25,0,1,2025-05-23 13:39:44.715000+00:00,2025-06-02 21:00:01.797000+00:00,0.0,0.0,-0.25,,LOSS,2,True,False,183.0,2025-06-02 20:30:00+00:00,P
