trade_id,symbol,side,quantity,entry_price,exit_price,entry_time,exit_time,pnl,duration_hours,entry_day_of_week,entry_hour
EF27ruHq,SPX,BTO,6.0,12.2,18.4,2024-09-30 13:02:47.015830+00:00,2025-01-25 17:44:43.227285+00:00,37.2,2812.698947626389,1.0,13.0
iECqJwN9,SPX,STO,6.0,-11.7,-4.7,2024-09-30 13:02:47.025384+00:00,2025-01-25 17:44:43.286123+00:00,42.0,2812.6989613163887,1.0,13.0
o4ZvJFDq,OXY,BTO,6.0,0.62,0.0,2024-09-30 13:31:13.597888+00:00,2025-01-25 17:44:43.409884+00:00,-3.72,2812.224947776667,1.0,13.0
ZLiehxcW,SPX,BTO,1.0,4.8,5.5,2024-09-30 14:11:42.530115+00:00,2025-01-25 17:44:43.489175+00:00,0.7,2811.5502664055557,1.0,14.0
ASvzdtMQ,UVXY,BTO,3.0,25.01,28.78,2024-09-30 20:04:36.310953+00:00,2024-11-01 14:13:56.086068+00:00,11.31,762.1554930875,1.0,20.0
kNxn6NzT,CVNA,Sell to Open,4.0,174.62,240.58,2024-10-01 14:06:50.048745+00:00,2024-11-01 14:20:46.174666+00:00,263.84,744.2322572002778,2.0,14.0
fzDSpXzE,SPX,Buy to Open,2.5,1.35,0.59,2024-10-01 14:44:05.308363+00:00,2025-01-25 17:44:43.953745+00:00,-1.325,2787.010734828333,2.0,14.0
HnjJVGKb,SPX,Buy to Open,1.0,26.8,12.9,2024-10-01 15:00:00.845678+00:00,2025-01-25 17:44:44.020953+00:00,-13.9,2786.7453264652777,2.0,15.0
jcgj4bLn,OXY,Buy to Open,6.0,1.97,0.0,2024-10-01 15:25:54.577067+00:00,2025-01-25 17:44:44.153812+00:00,-11.82,2786.3137713180554,2.0,15.0
ebhrMqyc,SPX,Buy to Open,3.5,7.95,4.88571428571429,2024-10-01 15:31:42.294694+00:00,2025-01-25 17:44:44.212745+00:00,3.175,2786.217199458611,2.0,15.0
iNhF3YEu,ES,Sell to Open,10.0,5757.25,5753.5,2024-10-01 15:35:32.087149+00:00,2024-10-01 16:40:29.375820+00:00,-68.75,1.0825801863888889,2.0,15.0
WrNzyKvT,COIN,Buy to Open,6.0,1.98,0.0,2024-10-01 17:06:18.582460+00:00,2025-01-25 17:44:44.655955+00:00,-11.88,2784.640575970833,2.0,17.0
5M5kCd2P,ES,Sell to Open,10.0,5772.5,5772.5,2024-10-01 18:06:23.519866+00:00,2024-10-01 19:32:40.851362+00:00,0.0,1.4381476377777778,2.0,18.0
4wCoBL4k,SPX,Buy to Open,0.0,1.45,0.0,2024-10-02 19:25:30.401789+00:00,2024-10-02 19:25:30.401789+00:00,,0.0,3.0,19.0
5butx4uP,MSTR,Buy to Open,1.0,2.0,1.87,2024-10-03 16:39:58.240895+00:00,2025-01-25 17:44:45.130148+00:00,-0.13,2737.0796914591665,4.0,16.0
THgT5QhV,SPX,Buy to Open,1.0,0.95,0.0,2024-10-03 18:49:41.853003+00:00,2025-01-25 17:44:45.246117+00:00,-0.95,2734.917609198333,4.0,18.0
Gyq96yJh,SPX,Buy to Open,5.0,54.5,0.0,2024-10-03 18:55:16.432466+00:00,2025-01-25 17:44:45.322045+00:00,-130.2,2734.824691549722,4.0,18.0
aiRWXmYw,SPX,Buy to Open,1.0,24.3,0.0,2024-10-03 19:49:53.819195+00:00,2025-01-25 17:44:45.433948+00:00,-24.3,2733.914337431389,4.0,19.0
akBg3qhS,SPX,Buy to Open,1.0,1.4,0.0,2024-10-04 13:31:42.049792+00:00,2025-01-25 17:44:45.484485+00:00,-1.4,2716.2176207480557,5.0,13.0
o7FavAbr,AMD,Buy to Open,1.0,0.17,0.0,2024-10-04 13:32:18.492209+00:00,2025-01-25 17:44:45.535043+00:00,-0.17,2716.2075118983335,5.0,13.0
2FV4J2Xd,AMD,Buy to Open,3.0,1.04,0.7,2024-10-04 13:43:03.061174+00:00,2025-01-25 17:44:45.595881+00:00,-0.53,2716.0284818630557,5.0,13.0
g3shqHqy,MSTR,Buy to Open,2.0,7.5,0.0,2024-10-04 19:55:35.739357+00:00,2025-01-25 17:44:45.947305+00:00,-15.0,2709.819502207778,5.0,19.0
JTX8yURC,SPX,Buy to Open,2.0,2.85,10.775,2024-10-07 15:14:20.639666+00:00,2025-01-25 17:44:46.065257+00:00,15.85,2642.507062664167,1.0,15.0
K3g96h9x,MSTR,Sell to Open,2.0,188.86,244.74,2024-10-07 15:22:43.109687+00:00,2024-11-01 14:07:28.277950+00:00,108.01,598.7458800730556,1.0,15.0
MAQhcZQs,AMD,Buy to Open,3.0,1.11,0.233333333333333,2024-10-07 15:24:00.127158+00:00,2025-01-25 17:44:46.190446+00:00,-1.78,2642.346128691111,1.0,15.0
KMfKh84h,COIN,Buy to Open,6.0,7.8,0.0,2024-10-07 15:25:03.226302+00:00,2025-01-25 17:44:46.247183+00:00,-46.8,2642.328616911389,1.0,15.0
EJAc6nHK,SOXL,Sell to Open,7.0,36.62,31.3478571428571,2024-10-07 15:31:12.666883+00:00,2024-11-01 14:31:40.829945+00:00,-41.525,599.0078230727778,1.0,15.0
iMafkBmL,SPX,Buy to Open,1.0,3.8,0.0,2024-10-08 16:06:15.141893+00:00,2025-01-25 17:44:46.626546+00:00,-3.8,2617.6420790702778,2.0,16.0
kpW2T9kS,CVNA,Buy to Open,1.0,1.16,0.0,2024-10-08 16:50:58.035425+00:00,2025-01-25 17:44:46.714608+00:00,-1.16,2616.8968553286113,2.0,16.0
QfbmfCFe,SPX,Buy to Open,1.0,0.45,0.0,2024-10-08 19:32:58.021282+00:00,2025-01-25 17:44:46.773420+00:00,-0.45,2614.1968755938888,2.0,19.0
A4UZqhJb,NVDA,Buy to Open,2.0,0.4,0.0,2024-10-09 14:04:32.838562+00:00,2025-01-25 17:44:46.830651+00:00,-0.8,2595.6705533580557,3.0,14.0
K54iZTDy,SPX,Buy to Open,1.0,1.3,0.0,2024-10-09 14:08:23.149393+00:00,2025-01-25 17:44:46.883812+00:00,-1.3,2595.6065928941666,3.0,14.0
YTGRsuFn,ES,Sell to Open,7.0,5821.5,5836.25,2024-10-09 15:02:34.196603+00:00,2024-10-09 20:59:03.520762+00:00,18.75,5.9414789330555555,3.0,15.0
HyAGoTmp,SPX,Buy to Open,1.0,38.5,0.0,2024-10-09 15:05:57.368313+00:00,2025-02-14 21:27:11.335512+00:00,-38.5,3078.3538797775,3.0,15.0
X4fJypSS,SOXL,Buy to Open,1.0,0.36,0.0,2024-10-10 15:24:42.534401+00:00,2025-01-25 17:44:47.444269+00:00,-0.36,2570.3346971855553,4.0,15.0
gJnb3mRZ,ES,Sell to Open,6.0,5829.75,5828.75,2024-10-10 15:37:46.368020+00:00,2024-10-28 22:17:49.108351+00:00,-6.0,438.66742786972225,4.0,15.0
mymyW7or,NVDA,Buy to Open,2.0,1.16,0.0,2024-10-10 16:36:45.229963+00:00,2025-01-25 17:44:47.633206+00:00,-2.32,2569.134000900833,4.0,16.0
B65DCcAe,SPX,Buy to Open,1.0,1.15,0.95,2024-10-10 17:25:22.373465+00:00,2025-01-25 17:44:47.777427+00:00,-0.2,2568.323723322778,4.0,17.0
kovPL4mu,AMD,Buy to Open,2.0,0.08,0.1,2024-10-11 17:31:10.310213+00:00,2025-01-25 17:44:47.924204+00:00,0.04,2544.2271149975,5.0,17.0
YWi3Yo5f,SOXL,Buy to Open,2.0,0.08,0.0,2024-10-11 18:37:06.589006+00:00,2025-01-25 17:44:48.080933+00:00,-0.16,2543.1281922019443,5.0,18.0
4GAwScXn,AMD,Buy to Open,2.0,0.12,0.0,2024-10-11 18:38:32.030701+00:00,2025-01-25 17:44:48.130536+00:00,-0.24,2543.1044721763888,5.0,18.0
ZUYpewJB,UVXY,Buy to Open,3.0,1.15,0.0,2024-10-11 19:10:19.456988+00:00,2025-01-25 17:44:48.178904+00:00,-3.45,2542.5746449766666,5.0,19.0
bpQ8Zrhr,UVXY,Buy to Open,3.0,26.44,28.78,2024-10-14 17:09:45.868763+00:00,2024-11-03 20:31:04.014444+00:00,7.02,483.35504046694444,1.0,17.0
WKPGubbV,UVXY,Buy to Open,9.0,1.71,1.67388888888889,2024-10-18 19:08:44.304776+00:00,2025-01-25 17:44:48.295288+00:00,-0.285,2374.6011084755555,5.0,19.0
Rq5CUt8i,QQQ,BTO,0.0,0.78,0.3,2024-10-22 17:07:03.624824+00:00,2024-10-22 17:07:03.624824+00:00,,0.0,2.0,17.0
QRN88E4E,SPX,BTO,2.0,25.9,10.5,2024-10-25 12:25:28.966480+00:00,2025-01-25 17:44:50.076411+00:00,-4.41,2213.322530536389,5.0,12.0
5Z3UWENe,SQQQ,BTO,7.0,0.42,0.214285714285714,2024-10-25 13:59:45.246304+00:00,2025-01-25 17:44:50.175631+00:00,-1.76,2211.7513692575,5.0,13.0
D76oTCkJ,AAPL,BTO,0.5,1.0,1.2,2024-10-25 19:30:48.653187+00:00,2025-01-25 17:44:50.239660+00:00,0.1,2206.233774020278,5.0,19.0
WnMXchi7,AAPL,BTO,1.0,0.03,0.0,2024-10-25 19:32:05.138318+00:00,2025-01-25 17:44:50.293575+00:00,-0.03,2206.2125431269446,5.0,19.0
MAPBusrU,MSTR,BTO,2.0,1.71,0.0,2024-10-25 19:43:08.797104+00:00,2025-01-25 17:44:50.357967+00:00,-3.42,2206.0282113508333,5.0,19.0
2EEfyMBS,ES,STO,5.0,5869.75,5872.0,2024-10-28 16:45:29.602245+00:00,2024-10-28 17:54:26.502383+00:00,11.25,1.149138927222222,1.0,16.0
7Vt84Z5N,ES,BTO,5.0,5874.5,5878.0,2024-10-30 14:05:34.682453+00:00,2024-10-30 16:27:31.143841+00:00,17.5,2.365683718888889,3.0,14.0
7Q62mNae,SPX,BTO,1.0,0.4,0.0,2024-10-30 15:41:30.397133+00:00,2025-01-25 17:44:51.473211+00:00,-0.4,2090.055854466111,3.0,15.0
BbVjheZQ,COIN,BTO,3.0,4.2,,2024-11-01 13:33:56.604863+00:00,2025-01-25 18:14:27+00:00,45.155,2044.6751097602778,5.0,13.0
hxGwUc9e,QQQ,BTO,2.0,0.32,0.0,2024-11-01 18:00:51.751909+00:00,2025-01-25 17:44:52.526504+00:00,-0.64,2039.733548498611,5.0,18.0
f3XsxL4R,COIN,BTO,2.0,0.96,0.6,2024-11-01 18:04:50.774120+00:00,2025-01-25 17:44:52.591790+00:00,-0.2,2039.667171575,5.0,18.0
bDMHjaFm,ES,BTO,3.0,5761.75,5771.25,2024-11-01 18:09:43.488463+00:00,2024-11-01 19:26:14.009460+00:00,28.5,1.275144721388889,5.0,18.0
assWDfBY,OXY,BTO,6.0,0.13,0.0,2024-11-01 18:22:23.736018+00:00,2025-01-25 17:44:52.766178+00:00,-0.78,2039.3747306,5.0,18.0
NitcL6G8,COIN,BTO,9.0,195.56,251.337777777778,2024-11-03 20:32:35.323138+00:00,2024-11-07 19:06:12.733691+00:00,502.0,94.56039182027777,0.0,20.0
BaGV4VWJ,UVXY,BTO,12.5,25.01,19.7256,2024-11-03 20:32:35.329583+00:00,2024-12-18 19:11:57.162874+00:00,-60.16,1078.6560648030556,0.0,20.0
iYJdLEDK,VIX,BTO,6.0,0.51,0.0,2024-11-03 20:32:35.339584+00:00,2025-01-25 17:44:53.359762+00:00,-3.06,1989.205005605,0.0,20.0
WBYUKLob,VIX,BTO,6.0,1.38,0.0,2024-11-03 20:32:35.343711+00:00,2025-01-25 17:44:53.411419+00:00,-8.28,1989.2050188077778,0.0,20.0
HK48TXu7,COIN,BTO,6.0,7.8,0.0,2024-11-03 20:32:35.366402+00:00,2025-01-25 17:44:53.713550+00:00,-46.8,1989.20509643,0.0,20.0
GGLRTT8E,SPY,BTO,2.0,1.47,2.3525,2024-11-04 15:20:12.713554+00:00,2025-01-25 17:44:54.303519+00:00,1.985,1970.4115527680556,1.0,15.0
axUWzXa8,NVDA,BTO,8.5,2.4,0.817058823529412,2024-11-04 15:52:27.493431+00:00,2025-01-25 17:44:54.403613+00:00,-9.955,1969.8741417172223,1.0,15.0
KK5knQmr,UVXY,BTO,4.0,2.36,0.0,2024-11-04 16:17:12.825749+00:00,2025-01-25 17:44:54.560571+00:00,-9.44,1969.4615930061111,1.0,16.0
53wgJDPd,SPX,STO,1.0,15.4,11.0,2024-11-04 16:52:35.270431+00:00,2025-01-25 17:44:54.729807+00:00,-4.4,1968.8720720488889,1.0,16.0
dLuEunXw,SPY,BTO,11.0,10.3,0.0,2024-11-04 17:04:53.276572+00:00,2025-01-25 17:44:54.839310+00:00,-44.985,1968.6671007605555,1.0,17.0
kMuBTH5Z,SPY,BTO,6.0,1.1,0.52,2024-11-04 17:27:13.477103+00:00,2025-01-25 17:44:55.067713+00:00,-1.9,1968.2948862805556,1.0,17.0
GDJBDYyX,SPY,BTO,3.0,0.15,0.0,2024-11-04 17:59:18.796272+00:00,2025-01-25 17:44:55.284304+00:00,-0.45,1967.7601355644445,1.0,17.0
2dhovZgm,SPY,BTO,3.0,1.39,0.0,2024-11-04 18:17:16.080126+00:00,2025-01-25 17:44:55.409916+00:00,-4.17,1967.4609249416667,1.0,18.0
Ls5f5EVe,SPY,BTO,5.0,1.36,0.0,2024-11-05 14:34:01.905222+00:00,2025-01-25 17:44:55.639321+00:00,-6.66,1947.181592805278,2.0,14.0
V8AnjkNb,SPX,BTO,2.0,4.0,0.0,2024-11-05 14:50:04.738177+00:00,2025-01-25 17:44:55.857028+00:00,-6.0,1946.9141996808332,2.0,14.0
FSkF7Msx,SPY,BTO,5.0,0.93,0.0,2024-11-05 16:33:19.279981+00:00,2025-01-25 17:44:56.419968+00:00,-4.65,1945.1936499963888,2.0,16.0
SATxEtAS,NVDA,BTO,2.0,2.95,0.0,2024-11-05 16:44:33.531603+00:00,2025-01-25 17:44:56.476319+00:00,-5.9,1945.0063735322221,2.0,16.0
aF4nU3Wn,TLT,BTO,6.0,0.12,0.0,2024-11-05 16:45:00.962642+00:00,2024-11-06 21:15:00+00:00,-0.72,28.499732599444446,2.0,16.0
SYXezJcB,IWM,BTO,2.0,0.05,0.0,2024-11-05 20:00:23.664794+00:00,2025-01-25 17:44:56.649371+00:00,-0.1,1941.7424957158332,2.0,20.0
6NFHuy4N,ES,STO,3.0,5918.5,5932.0,2024-11-06 07:11:39.683798+00:00,2024-11-06 08:33:50.648046+00:00,40.5,1.369712291111111,3.0,7.0
gF7GrBFy,TLT,BTO,1.0,0.12,0.0,2024-11-07 19:04:17.212248+00:00,2025-01-25 17:44:57.330319+00:00,-0.12,1894.6778105752778,4.0,19.0
cTKimdyx,SPX,BTO,1.0,9.2,9.1,2024-11-12 14:37:52.888046+00:00,2025-01-25 17:44:58.033790+00:00,-0.0999999999999996,1779.11809604,2.0,14.0
cr4cVwMh,SPY,BTO,3.0,2.22,3.36666666666667,2024-11-13 14:31:57.855345+00:00,2025-01-25 17:44:58.170160+00:00,4.31,1755.2167541152778,3.0,14.0
JmikU5Ru,SPX,BTO,2.0,2.85,2.375,2024-11-13 14:40:50.860279+00:00,2025-01-25 17:44:58.220047+00:00,0.95,1755.0687110466667,3.0,14.0
ZCe7Kr2m,ES,STO,3.0,5992.75,5990.25,2024-11-14 19:04:36.845698+00:00,2024-11-14 19:14:10.174805+00:00,-7.5,0.15925808527777777,4.0,19.0
2SDQCCUK,UVXY,BTO,2.0,0.27,0.865,2024-11-14 20:37:31.775701+00:00,2025-01-25 17:44:58.975965+00:00,1.19,1725.1242222955555,4.0,20.0
ZVjLDiHd,IWM,BTO,2.0,0.36,0.0,2024-11-19 14:35:24.757590+00:00,2025-01-25 17:44:59.439383+00:00,-0.72,1611.1596338313889,2.0,14.0
2EBFDAtx,SPY,BTO,1.5,1.15,1.55333333333333,2024-11-21 14:42:47.678585+00:00,2025-01-25 17:44:59.656862+00:00,0.605,1563.0366606325,4.0,14.0
PBMWXvQ5,SPX,BTO,2.1,4.8,6.17380952380952,2024-11-22 14:34:34.615818+00:00,2025-01-25 17:44:59.870554+00:00,3.78,1539.173681871111,5.0,14.0
HVRF4YK2,SPY,BTO,1.0,0.85,2.535,2024-11-25 14:46:36.778316+00:00,2025-01-25 17:45:00.775522+00:00,1.685,1466.9733325572222,1.0,14.0
QdRNpJNL,SPY,BTO,3.0,0.36,0.0,2024-11-25 16:55:18.520943+00:00,2025-01-25 17:45:00.955628+00:00,-0.54,1464.8284540791667,1.0,16.0
gTvgoHKK,SPY,BTO,4.0,0.48,0.0,2024-11-26 14:46:07.249761+00:00,2025-01-25 17:45:01.033793+00:00,-1.74,1442.9816066755557,2.0,14.0
H69syJFa,UVXY,BTO,1.0,0.3,0.0,2024-11-26 15:19:33.674293+00:00,2025-01-25 17:45:01.226221+00:00,-0.3,1442.42431998,2.0,15.0
eZewgioE,SPY,BTO,2.0,1.17,1.12,2024-11-27 14:40:22.490357+00:00,2025-01-25 17:45:01.438198+00:00,-0.0999999999999996,1419.0774855113889,3.0,14.0
fwrBfuhB,SPY,BTO,10.0,0.15,0.0,2024-11-27 18:37:31.834618+00:00,2025-01-25 17:45:01.603216+00:00,-0.9,1415.1249357216666,3.0,18.0
6wHPQfpB,TSM,BTO,3.0,2.6,7.96666666666667,2024-11-27 18:44:56.255459+00:00,2025-01-25 17:45:01.666893+00:00,16.1,1415.001503176111,3.0,18.0
acqj3rFi,TSM,BTO,1.0,0.62,0.81,2024-11-27 18:45:33.117130+00:00,2025-01-25 17:45:01.719204+00:00,0.19,1414.991278353889,3.0,18.0
75tPoQdZ,NVDA,BTO,2.0,1.44,3.2975,2024-11-27 19:20:34.000675+00:00,2025-01-25 17:45:01.779150+00:00,3.715,1414.4077162430556,3.0,19.0
J5yPuyBb,SPY,BTO,2.0,2.6,4.18,2024-11-27 20:51:12.720298+00:00,2025-01-25 17:45:01.940474+00:00,3.16,1412.8970056044445,3.0,20.0
fSghKiKh,QQQ,BTO,3.0,1.67,1.41,2024-12-03 14:49:21.400295+00:00,2025-01-25 17:45:02.873646+00:00,-0.78,1274.9281870419445,2.0,14.0
nF4XJGFG,SPX,BTO,1.0,7.0,7.6,2024-12-03 19:33:50.275951+00:00,2025-01-25 17:45:03.047250+00:00,0.6,1270.1868809163889,2.0,19.0
26ouNiRh,NVDA,BTO,6.0,1.42,0.0,2024-12-04 15:06:53.477682+00:00,2025-02-28 00:00:00+00:00,-8.52,2048.8851450883335,3.0,15.0
QbtPfmXQ,AMZN,BTO,4.0,3.4,3.84805194805195,2024-12-04 15:07:57.028296+00:00,2025-01-21 15:07:30.076159+00:00,9.925,1151.9925132952778,3.0,15.0
mwAxskLS,BITO,BTO,1.0,1.11,2.008,2024-12-04 15:09:45.533746+00:00,2025-01-25 17:45:03.329334+00:00,0.898,1250.5882765522222,3.0,15.0
isvsxhVe,AMZN,BTO,2.0,4.25,3.8375,2024-12-04 15:12:45.922304+00:00,2025-01-25 17:45:03.428812+00:00,-0.824999999999999,1250.5381962522222,3.0,15.0
kBvqXC2L,ES,BTO,5.0,6074.25,6079.5,2024-12-04 15:16:56.664469+00:00,2024-12-04 15:20:55.954508+00:00,26.25,0.06646945527777778,3.0,15.0
fn236d45,ES,STO,7.0,6079.75,6078.75,2024-12-04 15:22:18.529591+00:00,2024-12-04 18:31:48.995602+00:00,-8.0,3.158462780833333,3.0,15.0
2qES4MrS,SPY,BTO,12.0,0.28,0.04,2024-12-04 15:32:00.257835+00:00,2025-01-25 17:45:03.817414+00:00,-2.04,1250.217655438611,3.0,15.0
9YUAQyLY,AMZN,STO,3.0,2.02,1.03,2024-12-04 15:48:12.005792+00:00,2025-01-25 17:45:04.013714+00:00,-2.97,1249.9477799783333,3.0,15.0
YR6USjdi,NVDA,BTO,8.0,1.11,0.1125,2024-12-04 15:52:20.394135+00:00,2025-01-25 17:45:04.088125+00:00,-5.12,1249.8788038861112,3.0,15.0
QtqRAcM3,SPX,BTO,2.5,2.45,1.14,2024-12-04 16:02:29.820617+00:00,2025-01-25 17:45:04.150449+00:00,-0.975,1249.7095360644444,3.0,16.0
YJzFrFsA,SPY,BTO,6.0,0.09,0.0,2024-12-04 19:19:08.171998+00:00,2025-01-25 17:45:04.935748+00:00,-0.54,1246.432434375,3.0,19.0
QHY6GkJ3,ES,STO,5.0,6090.5,6092.25,2024-12-04 19:20:55.859708+00:00,2024-12-04 19:32:35.015402+00:00,8.75,0.194209915,3.0,19.0
M67JjCb5,KWEB,BTO,6.0,0.26,0.0,2024-12-04 20:36:10.169118+00:00,2025-01-25 17:45:05.298494+00:00,-1.56,1245.148647048889,3.0,20.0
F3AapwKz,QQQ,BTO,6.0,0.35,0.0,2024-12-04 21:02:05.524174+00:00,2025-01-25 17:45:05.414139+00:00,-2.1,1244.716636101389,3.0,21.0
aYg6ohDn,SPY,BTO,6.0,0.36,0.0,2024-12-04 21:02:22.008173+00:00,2025-01-25 17:45:05.478041+00:00,-2.16,1244.7120749633334,3.0,21.0
bMDNMWRq,SPY,BTO,2.0,1.02,1.185,2024-12-05 20:19:22.578798+00:00,2025-01-25 17:45:05.839579+00:00,0.33,1221.4286835502778,4.0,20.0
iMXmTRb9,SPX,BTO,0.7,1.0,0.25,2024-12-10 16:50:43.152988+00:00,2025-01-25 17:45:06.419807+00:00,-0.525,1104.9064630052778,2.0,16.0
Ky4zGCKa,NVDA,BTO,2.0,1.69,2.11,2024-12-10 17:11:29.298023+00:00,2025-01-25 17:45:06.505264+00:00,2.1,1104.5603353447223,2.0,17.0
EuHPQZAr,SPX,BTO,1.0,1.15,1.0,2024-12-10 20:30:57.399889+00:00,2025-01-25 17:45:06.607246+00:00,-0.15,1101.2358909325,2.0,20.0
mGDpYNJy,SPX,BTO,1.0,6.3,9.65,2024-12-11 15:43:12.410273+00:00,2025-01-25 17:45:06.767576+00:00,3.35,1082.0317659175,3.0,15.0
ha4CmxL8,SPX,BTO,1.0,4.1,0.0,2024-12-11 15:56:29.997130+00:00,2025-01-25 17:45:06.820497+00:00,-4.1,1081.8102287130555,3.0,15.0
7dcQDH7L,KWEB,BTO,4.0,0.12,0.0,2024-12-13 14:42:16.478313+00:00,2025-01-25 17:45:07.354279+00:00,-0.48,1035.0474655461112,5.0,14.0
7pcjxTQm,NVDA,BTO,2.0,1.01,0.74,2024-12-13 14:49:33.619953+00:00,2025-01-25 17:45:07.430397+00:00,-0.84,1034.9260584566666,5.0,14.0
fQBDYsTP,NVDA,BTO,2.0,1.18,0.7,2024-12-13 15:39:36.704912+00:00,2025-01-25 17:45:07.853895+00:00,-1.12,1034.091985828611,5.0,15.0
NSV2fhE5,NVDA,BTO,2.0,1.01,0.74,2024-12-13 15:43:52.362953+00:00,2025-01-25 17:45:07.915198+00:00,-0.84,1034.0209867347223,5.0,15.0
FfJsRR8G,NVDA,BTO,2.0,132.37,134.47,2024-12-16 14:58:51.796982+00:00,2024-12-30 14:17:54.820559+00:00,4.19999999999999,335.3175065491667,1.0,14.0
2vTn9ELL,NVDA,BTO,4.0,0.38,0.0,2024-12-16 15:00:12.764179+00:00,2025-01-25 17:45:08.549591+00:00,-1.52,962.7488292811111,1.0,15.0
dv5PCywh,GLD,BTO,1.0,5.85,30.085,2024-12-16 16:17:04.197873+00:00,2025-04-11 15:54:17.825000+00:00,24.235,2783.620451979722,1.0,16.0
hyqwE3ZZ,NVDA,BTO,2.0,3.2,7.1,2024-12-16 16:18:00.299321+00:00,2025-01-25 17:45:08.716820+00:00,12.3,961.4523381941667,1.0,16.0
P878tDcg,XOP,BTO,5.0,1.24,0.0,2024-12-16 16:46:13.092704+00:00,2025-02-28 00:00:00+00:00,-6.2,1759.229696471111,1.0,16.0
DrAHhAJ3,SPY,BTO,2.0,2.84,0.0,2024-12-16 17:42:54.065434+00:00,2025-01-25 17:45:08.836625+00:00,-12.57,960.0374364419445,1.0,17.0
J7PKQSqJ,NVDA,BTO,4.0,2.45,4.35,2024-12-18 14:37:19.966259+00:00,2025-01-25 17:45:09.051324+00:00,7.6,915.1303014069445,3.0,14.0
kdYouyBQ,ES,BTO,5.0,6121.25,5857.25,2024-12-18 19:03:31.136078+00:00,2024-12-20 15:28:45.323138+00:00,-3566.25,44.420607516666664,3.0,19.0
UzmyDnEq,SPX,BTO,2.0,4.9,0.0,2024-12-18 19:44:04.298333+00:00,2025-01-25 17:45:09.507407+00:00,-19.6,910.0181136316667,3.0,19.0
WFwgjZuV,UVXY,BTO,2.5,0.77,1.672,2024-12-18 20:02:28.700704+00:00,2025-01-25 17:45:09.720705+00:00,2.255,909.7113944447223,3.0,20.0
cc9HTQ9i,SPY,BTO,6.0,0.17,0.1,2024-12-18 20:05:06.788072+00:00,2025-01-25 17:45:09.777073+00:00,-0.42,909.6674969447222,3.0,20.0
kirFUX2f,SPY,BTO,3.0,0.8,0.55,2024-12-18 20:34:37.314777+00:00,2025-01-25 17:45:09.840416+00:00,-0.75,909.1757015663889,3.0,20.0
ffjcWV6G,SPY,BTO,3.0,0.75,0.0,2024-12-18 21:14:30.500524+00:00,2025-01-25 17:45:10.016664+00:00,-2.25,908.5109767055555,3.0,21.0
7MNtaB4N,SPX,BTO,1.0,13.2,0.0,2024-12-20 15:49:15.809673+00:00,2025-01-25 17:45:10.203232+00:00,-23.9,865.9317759886111,5.0,15.0
XM97F3MG,SPX,BTO,2.0,1.55,0.0,2024-12-20 20:20:42.023485+00:00,2025-01-25 17:45:10.295999+00:00,-3.1,861.4078534761111,5.0,20.0
5NF5uEDw,CCL,BTO,1.0,0.18,0.0,2024-12-24 14:34:34.340970+00:00,2025-01-25 17:45:10.838509+00:00,-0.18,771.1768048719445,2.0,14.0
YY4Jogv2,KWEB,BTO,3.0,1.06,0.0,2024-12-24 17:24:18.501124+00:00,2025-01-25 17:45:10.890229+00:00,-3.18,768.3478858625,2.0,17.0
PX8nebv4,QQQ,BTO,2.0,3.22,5.31225,2024-12-30 14:49:25.941756+00:00,2025-01-25 17:45:11.090251+00:00,8.709,626.9292079152777,1.0,14.0
7AWT3v86,NVDA,BTO,2.0,3.05,3.51375,2024-12-30 14:52:04.230495+00:00,2025-01-25 17:45:11.165622+00:00,2.475,626.8852597575,1.0,14.0
ThJEsMm9,ES,BTO,5.0,5922.0,5932.25,2024-12-30 15:00:46.195927+00:00,2024-12-30 15:15:45.103427+00:00,51.25,0.2496965277777778,1.0,15.0
9DugsAch,MSTR,BTO,2.0,304.66,310.906666666667,2024-12-30 15:01:37.730501+00:00,2025-01-03 16:08:52.255638+00:00,33.13,97.12070142694445,1.0,15.0
Bv8Wi2Ks,MSTR,BTO,5.05,3.0,12.3019801980198,2024-12-30 15:02:58.620033+00:00,2025-01-06 20:25:38.936826+00:00,46.975,173.37786577583333,1.0,15.0
TxxtSUNT,MSTR,BTO,3.0,5.05,12.7,2024-12-30 15:08:36.716244+00:00,2025-01-06 19:49:45.627228+00:00,22.95,172.68580860666665,1.0,15.0
hxR6Xv5u,AMZN,BTO,1.0,6.15,8.625,2024-12-30 15:11:37.787346+00:00,2025-01-25 17:45:11.467465+00:00,2.475,626.5593555886111,1.0,15.0
Cqm8NNhk,BITO,BTO,6.0,22.25,25.04,2024-12-30 15:12:59.228342+00:00,2025-01-21 14:59:22.745613+00:00,16.74,527.7731992419444,1.0,15.0
VVTePc6B,ES,BTO,5.0,5924.75,5942.0,2024-12-30 15:23:39.057396+00:00,2024-12-30 15:40:30.695671+00:00,86.25,0.2810106319444444,1.0,15.0
PKMMjeKD,ES,BTO,5.0,5930.5,5950.5,2024-12-30 15:48:42.498523+00:00,2024-12-30 16:10:10.160271+00:00,100.0,0.3576838188888889,1.0,15.0
YTh7cqmM,ES,BTO,5.0,5971.0,5974.0,2024-12-31 14:37:58.425851+00:00,2024-12-31 14:48:23.298847+00:00,15.0,0.17357583222222223,2.0,14.0
CPynLNXF,QQQ,BTO,1.0,1.65,1.82,2024-12-31 14:43:25.925198+00:00,2025-01-25 17:45:12.216904+00:00,0.17,603.0295254738888,2.0,14.0
S4MRynjU,ES,BTO,5.0,5970.5,5978.0,2024-12-31 14:59:00.383196+00:00,2024-12-31 15:02:25.895201+00:00,37.5,0.05708666805555555,2.0,14.0
ELLLBHKy,SPX,BTO,1.0,3.1,0.0,2024-12-31 16:33:27.822802+00:00,2025-01-25 17:45:12.549914+00:00,-3.1,601.1957575311111,2.0,16.0
H5TLAeFX,MSTR,BTO,1.0,6.2,7.525,2024-12-31 16:38:38.307489+00:00,2025-01-25 17:45:12.592230+00:00,1.325,601.1095235391666,2.0,16.0
TAsffS6Z,QQQ,BTO,4.0,0.25,0.166666666666667,2024-12-31 17:40:22.538357+00:00,2025-01-25 17:45:12.652753+00:00,-0.1,600.0805873322222,2.0,17.0
WLZjHmVe,ES,BTO,5.0,5923.25,5944.25,2024-12-31 19:45:06.775118+00:00,2024-12-31 20:26:45.451719+00:00,105.0,0.6940768336111112,2.0,19.0
dy9C3fRG,ES,BTO,5.0,5937.5,5934.0,2024-12-31 20:43:05.457764+00:00,2024-12-31 20:45:39.535929+00:00,-17.5,0.042799490277777776,2.0,20.0
5T7cLmSM,SPY,BTO,1.0,2.29,4.18,2025-01-02 17:52:00.961011+00:00,2025-01-25 17:45:13.314220+00:00,8.62,551.8867647802778,4.0,17.0
SgZ3rQdc,SPY,BTO,2.0,2.47,2.625,2025-01-02 18:45:19.589209+00:00,2025-01-25 17:45:13.477224+00:00,0.31,550.9983022263889,4.0,18.0
95DenuuA,MSTR,BTO,1.0,6.5,10.85,2025-01-02 18:46:17.126837+00:00,2025-01-25 17:45:13.520704+00:00,9.55,550.9823316297222,4.0,18.0
EjKjwKQn,MSTR,BTO,1.0,70.7,82.15,2025-01-03 18:43:05.171077+00:00,2025-01-06 14:56:20.988605+00:00,11.45,68.22106042444445,5.0,18.0
o6NuyG4o,SPX,BTO,0.5,5.3,2.55,2025-01-06 14:32:09.757407+00:00,2025-01-25 17:45:14.467025+00:00,-1.375,459.2179748938889,1.0,14.0
86DMdft6,QQQ,BTO,1.0,0.73,0.47,2025-01-06 14:34:19.143757+00:00,2025-01-25 17:45:14.525183+00:00,-0.26,459.1820503961111,1.0,14.0
2R5MpWDM,MSTR,STO,0.7,339.34,381.25,2025-01-06 14:39:56.821137+00:00,2025-01-06 20:51:29.217999+00:00,52.995,6.192332461666667,1.0,14.0
NZkoWy3r,ES,STO,5.0,6043.75,6066.75,2025-01-06 14:41:46.287672+00:00,2025-01-06 16:31:54.958123+00:00,186.25,1.8357417919444443,1.0,14.0
QSHF5WEA,SPX,BTO,2.0,1.7,2.775,2025-01-06 18:06:23.695488+00:00,2025-01-25 17:45:15.182000+00:00,2.15,455.6476351422222,1.0,18.0
EAjCJLZs,MSTR,BTO,2.0,4.0,2.65,2025-01-06 18:09:56.888457+00:00,2025-01-25 17:45:15.232039+00:00,-2.7,455.5884287727778,1.0,18.0
ePy6hPQ2,GLD,BTO,1.0,1.29,0.74,2025-01-07 14:37:54.062803+00:00,2025-01-08 21:04:44.353139+00:00,-0.17,30.447302871111113,2.0,14.0
EYWdd4wg,SPY,BTO,1.0,1.4,0.0,2025-01-07 14:38:53.795518+00:00,2025-01-25 17:45:15.856242+00:00,-2.22,435.1061279788889,2.0,14.0
BTwV898c,NVDA,BTO,3.0,1.42,0.0,2025-01-07 15:00:23.257407+00:00,2025-01-25 17:45:15.944386+00:00,-4.26,434.7479686052778,2.0,15.0
2TWmu2Kx,NVDA,BTO,2.0,3.1,0.0,2025-01-07 15:00:44.102644+00:00,2025-01-25 17:45:15.998861+00:00,-14.06,434.7421933936111,2.0,15.0
gkBVfJqt,ES,BTO,5.0,6007.0,6001.5,2025-01-07 15:06:58.558357+00:00,2025-01-07 15:08:13.355729+00:00,-27.5,0.020777047777777776,2.0,15.0
hQM2CzUU,MSTR,BTO,2.0,353.81,352.66,2025-01-07 16:25:28.111022+00:00,2025-01-14 19:46:21.319085+00:00,56.5599999999999,171.34811335083333,2.0,16.0
XfGQZxPM,TSLA,BTO,6.0,7.4,7.7,2025-01-07 16:32:52.628067+00:00,2025-01-15 15:21:26.741990+00:00,1.8,190.8094760897222,2.0,16.0
aFEei2Tq,CVNA,BTO,1.0,1.12,0.0,2025-01-07 16:36:16.648500+00:00,2025-01-25 17:45:16.469437+00:00,-1.12,433.14995026027776,2.0,16.0
mPsaUFsh,ES,BTO,5.0,5981.0,5855.5,2025-01-07 16:52:58.713492+00:00,2025-01-14 20:03:02.738487+00:00,-1597.5,171.16778472083334,2.0,16.0
AZMDgGgk,QQQ,BTO,2.0,1.55,0.0,2025-01-07 16:57:00.489593+00:00,2025-01-25 17:45:16.568051+00:00,-3.1,432.80446623833336,2.0,16.0
27Nmm8tg,MSTR,BTO,1.0,34.95,53.75,2025-01-07 17:20:26.471571+00:00,2025-01-17 19:57:35.988665+00:00,18.8,242.61931030388888,2.0,17.0
Uy97gWVo,SPX,BTO,4.0,1.7,0.0,2025-01-07 18:21:02.551929+00:00,2025-01-25 17:45:16.807573+00:00,-8.6,431.40395990111114,2.0,18.0
ZT5zTNrC,NVDA,BTO,1.0,22.35,7.55,2025-01-07 18:32:08.668101+00:00,2025-05-29 13:35:49.505000+00:00,-14.8,3403.0613435830555,2.0,18.0
YwjJP7N2,SPY,BTO,6.0,0.08,0.0,2025-01-07 18:47:18.429174+00:00,2025-01-25 17:45:16.893987+00:00,-0.48,430.96624022583336,2.0,18.0
KnF3unNX,SPX,BTO,1.0,1.3,0.5,2025-01-08 19:32:04.038693+00:00,2025-01-25 17:45:17.154343+00:00,-1.15,406.2203099027778,3.0,19.0
4eCwzQj9,MSTR,BTO,0.5,10.8,12.475,2025-01-10 14:31:13.182700+00:00,2025-01-25 17:45:17.358122+00:00,6.425,363.2344931727778,5.0,14.0
6tpG5no3,SPX,BTO,0.5,2.25,0.0,2025-01-10 14:48:57.693753+00:00,2025-01-25 17:45:17.473017+00:00,-1.125,362.93882757333336,5.0,14.0
VJEXF9MM,COIN,BTO,0.5,0.73,0.96,2025-01-10 17:01:04.301068+00:00,2025-01-25 17:45:17.697462+00:00,0.115,360.73705455388887,5.0,17.0
brBbr5X6,ES,BTO,0.5,23.5,28.5,2025-01-13 01:39:13.372920+00:00,2025-01-25 17:45:18.046751+00:00,7.75,304.1012982863889,1.0,1.0
ggo9LJdH,KWEB,BTO,6.0,0.97,1.63666666666667,2025-01-13 14:37:34.162394+00:00,2025-01-21 16:44:41.323347+00:00,4.0,194.11865582027778,1.0,14.0
QYAh8ya5,SPX,BTO,3.0,4.7,14.8333333333333,2025-01-13 14:39:09.871554+00:00,2025-01-25 17:45:18.304137+00:00,30.4,291.10234238416666,1.0,14.0
imWB4KqK,SPX,BTO,2.0,1.7,3.0,2025-01-13 15:25:48.389837+00:00,2025-01-25 17:45:18.371181+00:00,2.6,290.3249948177778,1.0,15.0
fTKLcTUd,COIN,BTO,3.0,245.4,257.99,2025-01-13 15:34:42.440938+00:00,2025-01-14 19:49:38.698968+00:00,37.77,28.24896056388889,1.0,15.0
kugwGk7M,SPX,BTO,1.0,1.5,1.35,2025-01-13 16:06:14.557850+00:00,2025-01-25 17:45:18.529042+00:00,0.65,289.6511031088889,1.0,16.0
jwYJUpwZ,SPX,BTO,1.0,17.0,23.9,2025-01-14 17:46:27.632592+00:00,2025-01-25 17:45:19.019223+00:00,6.9,263.9809407308333,2.0,17.0
29aePwW8,SPX,STO,0.6,22.4,12.85,2025-01-14 17:47:07.142722+00:00,2025-01-25 17:45:19.061432+00:00,-5.73,263.96997741944443,2.0,17.0
VY3BHE4c,IWM,BTO,3.0,0.44,1.76666666666667,2025-01-14 20:24:07.555711+00:00,2025-01-25 17:45:19.412759+00:00,3.98,261.35329362444446,2.0,20.0
gjSBMkZF,SPX,BTO,2.0,7.1,40.2,2025-01-14 20:38:41.775909+00:00,2025-01-25 17:45:19.462877+00:00,66.2,261.1104686022222,2.0,20.0
5cjxap7f,MSTR,BTO,3.0,339.76,360.24,2025-01-14 20:42:15.516910+00:00,2025-01-15 15:35:06.022779+00:00,61.4400000000001,18.880696074722223,2.0,20.0
ESwpQM6f,QQQ,BTO,1.0,1.33,1.125,2025-01-15 15:37:00.066991+00:00,2025-02-28 00:00:00+00:00,0.67,1040.3833147247221,3.0,15.0
aMuq9irf,SPX,BTO,1.0,7.4,9.83,2025-01-16 14:32:22.746267+00:00,2025-01-25 17:45:20.067921+00:00,2.43,219.21592268166665,4.0,14.0
3qjqDked,MSTR,BTO,1.0,2.36,1.5175,2025-01-16 14:40:56.168037+00:00,2025-01-25 17:45:20.117536+00:00,-1.185,219.07331930527778,4.0,14.0
3GmNcXGh,NVDA,BTO,1.0,0.86,2.11,2025-01-16 15:18:44.958877+00:00,2025-01-25 17:45:20.211971+00:00,1.25,218.44312585944445,4.0,15.0
KdGuoEhc,SPX,BTO,1.4,4.4,6.7,2025-01-16 16:09:17.881449+00:00,2025-01-25 17:45:20.361388+00:00,3.22,217.60068887194444,4.0,16.0
c3WNQeV2,SPX,BTO,1.0,3.8,5.1,2025-01-16 20:06:41.108290+00:00,2025-01-25 17:45:20.557328+00:00,1.3,213.64429139944446,4.0,20.0
EbaWn3XC,NVDA,BTO,1.8,1.3,0.26,2025-01-17 17:05:44.326945+00:00,2025-01-25 17:45:21.047653+00:00,-1.872,192.66020019666666,5.0,17.0
DZjncB4m,SPX,BTO,0.5,27.5,30.04,2025-01-17 19:53:05.733591+00:00,2025-01-25 17:45:21.103596+00:00,1.27,189.8709361125,5.0,19.0
9B5MNTS8,SPX,BTO,1.0,10.6,7.975,2025-01-21 14:35:56.923525+00:00,2025-01-25 17:45:21.430251+00:00,-4.19,99.15680742388889,2.0,14.0
77HqGzrR,SPX,BTO,3.0,17.2,0.0,2025-01-21 15:06:31.232999+00:00,2025-02-28 00:00:00+00:00,-17.2,896.8913241669444,2.0,15.0
aTKHDAPS,UVXY,BTO,6.0,18.26,23.36,2025-01-21 16:41:55.215938+00:00,2025-03-05 16:06:31.633000+00:00,30.6,1031.4101158505555,2.0,16.0
BkWifxng,NVDA,BTO,3.0,0.55,2.0,2025-01-21 20:30:18.876689+00:00,2025-01-25 17:45:22.095288+00:00,4.35,93.25089405527778,2.0,20.0
WJnE63sx,TSLA,BTO,1.0,5.25,5.0,2025-01-21 20:38:47.709151+00:00,2025-01-25 17:45:22.179999+00:00,-0.25,93.10957523555555,2.0,20.0
6sm5m3Yu,SPX,BTO,2.0,2.95,0.0,2025-01-22 14:41:10.459878+00:00,2025-02-28 00:00:00+00:00,-7.23,873.313761145,3.0,14.0
FcKrTL84,SPY,BTO,2.0,1.11,0.0,2025-01-22 14:41:49.122160+00:00,2025-02-28 00:00:00+00:00,-2.22,873.3030216222222,3.0,14.0
dCRACi3z,SPX,BTO,1.0,2.55,0.0,2025-01-22 14:58:34.210717+00:00,2025-01-25 17:45:22.470600+00:00,-2.55,74.78007218972222,3.0,14.0
mVvcF25m,SPX,BTO,3.0,4.1,6.0,2025-01-22 19:44:57.384093+00:00,2025-01-25 17:45:22.545423+00:00,5.7,70.00698925833333,3.0,19.0
U3AMifyg,SPX,STO,6.0,25.45,0.0,2025-01-23 14:30:31.753593+00:00,2025-03-26 15:17:48.227000+00:00,-152.7,1488.7879092797223,4.0,14.0
bR5K5aTd,QQQ,BTO,6.0,0.72,0.0,2025-01-23 14:36:43.516239+00:00,2025-02-28 00:00:00+00:00,-4.32,849.3879121558333,4.0,14.0
2HZr2zc6,MSTR,STO,1.0,388.55,377.9,2025-01-23 14:51:07.310808+00:00,2025-01-23 15:09:14.200243+00:00,-10.65,0.30191373194444443,4.0,14.0
ViHQFrVa,SPX,BTO,1.0,0.4,0.0,2025-01-23 14:56:46.540747+00:00,2025-02-28 00:00:00+00:00,-0.4,849.0537386813888,4.0,14.0
Lvk52gha,SPX,BTO,0.6,10.5,0.0,2025-01-23 15:17:11.843786+00:00,2025-02-28 00:00:00+00:00,-31.63,848.7133767261112,4.0,15.0
CH5Dgbuo,MSTR,STO,1.0,384.94,381.46,2025-01-23 15:29:53.576231+00:00,2025-01-23 20:37:30.159004+00:00,-3.48000000000002,5.126828548055555,4.0,15.0
Wj4RPvB5,ES,STO,10.0,6130.75,6140.75,2025-01-23 16:24:11.798749+00:00,2025-01-23 20:52:12.872408+00:00,100.0,4.466964905277778,4.0,16.0
UI0PVK0H,QQQ,BTO,3.0,3.27,4.545,2025-01-30 17:41:29.983000+00:00,2025-01-30 20:22:39.232000+00:00,3.825,2.6859025,4.0,17.0
OFA3LV7L,SPXW,BTO,1.0,3.7,18.04,2025-01-31 17:47:37.039000+00:00,2025-01-31 20:07:20.704000+00:00,14.34,2.3287958333333334,5.0,17.0
NLU6H4TC,SPY,BTO,1.0,4.21,0.0,2025-01-31 20:07:08.667000+00:00,2025-02-11 19:01:46.970027+00:00,-4.21,262.9106397297222,5.0,20.0
OCIR1SUR,SPY,BTO,2.0,2.06,3.477,2025-02-07 14:52:10.629000+00:00,2025-02-13 16:54:08.331114+00:00,2.834,146.03269503166666,5.0,14.0
GAOOF89C,SPY,BTO,2.0,2.1,2.5,2025-02-11 19:01:46.733000+00:00,2025-02-14 19:31:08.495079+00:00,0.8,72.48937835527778,2.0,19.0
R3CCQKXW,QQQ,BTO,1.0,0.35,0.34,2025-02-13 16:54:08.226000+00:00,2025-02-13 17:05:08.162000+00:00,-0.00999999999999995,0.18331555555555556,4.0,16.0
LNNP2IWK,SPXW,BTO,1.0,11.85,158.0,2025-02-13 20:21:19.664000+00:00,2025-02-20 15:48:48.116981+00:00,222.0,163.45790360583334,4.0,20.0
DM660HNI,QQQ,BTO,2.0,0.62,0.3,2025-02-19 17:07:47.967000+00:00,2025-02-19 19:16:07.643000+00:00,-0.64,2.1387988888888887,3.0,17.0
KOO5XWF0,SPY,BTO,1.5,3.03,4.39333333333333,2025-02-20 15:48:47.976000+00:00,2025-02-21 18:34:46.766000+00:00,5.86,26.766330555555555,4.0,15.0
L8FVJCTG,QQQ,BTO,1.0,0.52,0.61,2025-02-25 16:12:41.475000+00:00,2025-02-28 00:00:00+00:00,0.09,55.78847916666667,2.0,16.0
M826WU7M,SPXW,BTO,1.0,4.4,14.15,2025-02-27 14:32:30.331000+00:00,2025-02-27 15:01:54.702000+00:00,9.75,0.49010305555555556,4.0,14.0
HIGNMJL7,QQQ,BTO,1.0,4.72,5.898,2025-02-28 14:37:55.872000+00:00,2025-02-28 19:53:50.429000+00:00,1.178,5.265154722222222,5.0,14.0
E4FFBV7W,NVDA,BTO,1.0,0.31,1.05,2025-02-28 14:46:23.253000+00:00,2025-02-28 15:34:26.333000+00:00,0.74,0.8008555555555555,5.0,14.0
NR95A8TB,NVDA,BTO,3.0,0.1,0.825,2025-02-28 17:57:25.452000+00:00,2025-02-28 20:52:43.419000+00:00,2.175,2.9216575,5.0,17.0
AWETU0CL,SPXW,BTO,1.0,2.05,7.0,2025-02-28 17:58:55.099000+00:00,2025-02-28 20:32:59.829000+00:00,4.95,2.5679805555555557,5.0,17.0
QQGA693U,SPXW,BTO,1.0,25.0,38.0,2025-02-28 18:26:46.873000+00:00,2025-02-28 18:30:48.901000+00:00,13.0,0.06723,5.0,18.0
T0YNY2HK,QQQ,BTO,1.0,0.92,0.0,2025-03-03 14:32:56.298000+00:00,2025-03-10 13:17:22.861000+00:00,-1.45,166.74071194444446,1.0,14.0
X144QE5D,NVDA,BTO,1.0,0.57,0.0,2025-03-03 16:31:10.758000+00:00,2025-03-10 13:17:11.512000+00:00,-0.57,164.76687611111112,1.0,16.0
YJJJ9VLH,SOXL,BTO,1.0,0.76,0.0,2025-03-03 18:13:18.842000+00:00,2025-03-10 13:17:30.877000+00:00,-1.12,163.0700097222222,1.0,18.0
ZQV0X25S,SPXW,BTO,1.0,16.0,0.0,2025-03-03 19:01:19+00:00,2025-03-10 13:17:55.341000+00:00,-16.35,162.2767613888889,1.0,19.0
CE63V9TM,MSTR,BTO,1.0,8.0,19.225,2025-03-04 17:47:19.813000+00:00,2025-03-04 20:13:06.511000+00:00,11.225,2.429638333333333,2.0,17.0
C4PHVIVT,MSTR,BTO,1.0,5.0,6.95,2025-03-05 14:42:18+00:00,2025-03-07 20:59:49.151000+00:00,1.95,54.29198638888889,3.0,14.0
SQOVPQ4X,NVDA,BTO,1.0,2.32,0.0,2025-03-05 16:15:25.629000+00:00,2025-03-10 13:17:37.692000+00:00,-2.32,117.03668416666666,3.0,16.0
XMM1KL3Z,SOXL,BTO,1.0,0.59,0.7,2025-03-06 18:46:52.977000+00:00,2025-03-07 20:47:14.146000+00:00,0.11,26.005880277777777,4.0,18.0
L3CK15HZ,QQQ,BTO,1.0,2.46,3.4,2025-03-07 15:42:20.608000+00:00,2025-03-07 15:50:46.412000+00:00,0.94,0.1405011111111111,5.0,15.0
C1QVD1LK,SPY,BTO,1.0,1.5,0.0,2025-03-10 14:03:22.635000+00:00,2025-03-26 15:18:04.182000+00:00,-2.45,385.24487416666665,1.0,14.0
B5HR824Y,SPY,BTO,1.0,0.84,0.2,2025-03-10 14:09:48.413000+00:00,2025-03-10 19:57:51.061000+00:00,-1.13,5.800735555555556,1.0,14.0
GR9ARNZ3,NVDA,BTO,1.0,2.72,3.1625,2025-03-10 16:42:09.379000+00:00,2025-03-11 14:12:36.484000+00:00,0.4425,21.507529166666668,1.0,16.0
NYG5UT9P,SPY,BTO,1.0,1.87,2.7075,2025-03-11 14:04:39.284000+00:00,2025-03-11 14:11:08.407000+00:00,0.837499999999999,0.10808972222222223,2.0,14.0
ZJYZ9IHN,SPY,BTO,1.0,0.3,0.58,2025-03-11 18:41:30.335000+00:00,2025-03-26 15:17:59.196000+00:00,0.28,356.60801694444444,2.0,18.0
YCL5QFCN,SPXW,BTO,1.0,12.3,0.0,2025-03-12 13:32:01.696000+00:00,2025-03-26 15:17:53.980000+00:00,-12.3,337.76452333333333,3.0,13.0
ONVE3VB7,MSTR,BTO,1.0,0.9,0.33,2025-03-12 13:35:15.888000+00:00,2025-03-12 19:41:11.135000+00:00,-0.87,6.098679722222222,3.0,13.0
U81LV801,MSTR,BTO,1.0,0.96,0.0,2025-03-12 13:37:06.399000+00:00,2025-03-26 15:17:34.847000+00:00,-0.96,337.67456888888887,3.0,13.0
R7I3DSZW,SPXW,BTO,1.0,18.7,42.3,2025-03-12 15:09:05.786000+00:00,2025-03-12 17:34:14.013000+00:00,23.6,2.4189519444444443,3.0,15.0
R0JH7UE9,SPY,BTO,1.0,1.55,0.25,2025-03-13 16:54:35.507000+00:00,2025-03-13 19:03:09.661000+00:00,-1.83,2.1428205555555557,4.0,16.0
CZK1TPGT,SPY,BTO,1.0,1.01,2.72,2025-03-13 19:02:57.867000+00:00,2025-03-13 19:59:35.292000+00:00,1.71,0.9437291666666666,4.0,19.0
LWMXPPYA,SOXL,BTO,1.0,0.25,0.0,2025-03-18 14:21:58.955000+00:00,2025-03-26 15:17:42.002000+00:00,-0.25,192.92862416666668,2.0,14.0
BB3QJE7M,QQQ,BTO,1.0,0.25,0.06,2025-03-18 14:22:42.654000+00:00,2025-03-18 17:07:13.751000+00:00,-0.19,2.741971388888889,2.0,14.0
DH71UAP0,COIN,BTO,1.0,0.88,0.85,2025-03-18 14:23:46.635000+00:00,2025-03-26 15:17:28.279000+00:00,-0.03,192.89490111111112,2.0,14.0
JE6MEZW3,NVDA,BTO,1.0,1.64,0.99,2025-03-18 14:50:21.038000+00:00,2025-03-20 17:29:15.651000+00:00,-0.65,50.64850361111111,2.0,14.0
L64HMARA,SPXW,BTO,1.0,3.2,0.6,2025-03-20 16:24:01.603000+00:00,2025-03-20 17:27:43.191000+00:00,-5.95,1.0615522222222222,4.0,16.0
V9ZHCEJZ,SPXW,BTO,1.0,0.2,0.35,2025-03-21 19:54:14.018000+00:00,2025-03-21 20:00:18.591000+00:00,0.15,0.10127027777777778,5.0,19.0
IHYRCRH6,UVXY,BTO,1.0,1.15,3.7345,2025-03-24 16:46:53.161000+00:00,2025-04-02 14:24:46.238000+00:00,5.609,213.63141027777777,1.0,16.0
NPM8A25W,SPY,BTO,1.0,1.78,4.965,2025-03-25 13:32:50.148000+00:00,2025-03-27 13:34:29.463000+00:00,3.185,48.0275875,2.0,13.0
SJ1LKJF8,NVDA,BTO,1.0,0.13,1.1432,2025-03-25 13:35:26.881000+00:00,2025-04-04 13:31:05.234000+00:00,1.0132,239.92732027777777,2.0,13.0
LGBB9L4V,QQQ,BTO,1.0,0.86,0.0,2025-03-25 14:17:21.635000+00:00,2025-03-26 15:18:12.690000+00:00,-1.05,25.014181944444445,2.0,14.0
GGG6W935,QQQ,BTO,1.0,0.98,2.98,2025-03-26 13:52:58.774000+00:00,2025-03-26 16:32:52.673000+00:00,2.0,2.6649719444444444,3.0,13.0
CTOU7MGQ,SPY,BTO,1.0,2.47,6.005,2025-03-27 14:43:19.840000+00:00,2025-03-28 13:59:23.286000+00:00,7.19,23.267623888888888,4.0,14.0
K8J6A3IT,IWM,BTO,1.0,2.45,2.0,2025-04-02 13:39:04.915000+00:00,2025-04-02 14:20:27.862000+00:00,-0.45,0.6897075,3.0,13.0
QR96FKJL,SPY,BTO,1.0,2.49,8.09,2025-04-03 13:53:39.092000+00:00,2025-04-04 13:31:35.683000+00:00,5.6,23.63238638888889,4.0,13.0
S0SXONLP,IWM,BTO,1.0,0.3,0.5575,2025-04-03 16:21:10.112000+00:00,2025-04-03 19:52:37.706000+00:00,0.2575,3.524331666666667,4.0,16.0
GE83B1S4,TQQQ,BTO,1.0,2.3,1.56,2025-04-04 14:37:28.134000+00:00,2025-04-04 19:54:08.893000+00:00,-0.74,5.277988611111111,5.0,14.0
DWBQ4LW9,FXI,BTO,1.0,1.0,0.84,2025-04-08 15:14:01.590000+00:00,2025-04-08 18:21:50.561000+00:00,-0.16,3.130269722222222,2.0,15.0
GJDUSXAN,SPXW,BTO,1.0,11.1,0.0,2025-04-08 15:16:09.247000+00:00,2025-04-22 20:39:43.326000+00:00,-11.1,341.3927997222222,2.0,15.0
EKCNHYEV,SOXL,BTO,1.0,0.22,0.66,2025-04-09 15:21:01.925000+00:00,2025-04-09 18:05:54.231000+00:00,0.44,2.7478627777777778,3.0,15.0
IK96WFV2,SOXL,BTO,1.0,0.47,0.158333333333333,2025-04-09 19:00:47.042000+00:00,2025-04-22 20:40:12.148000+00:00,-0.735,313.6569738888889,3.0,19.0
KM83Q44Q,TSLA,BTO,1.0,0.6,0.0,2025-04-09 19:07:09.878000+00:00,2025-04-22 20:40:38.238000+00:00,-0.6,313.5578777777778,3.0,19.0
PTG5TEEY,QQQ,BTO,1.0,1.67,1.0,2025-04-09 19:23:38.695000+00:00,2025-04-09 19:31:21.869000+00:00,-0.67,0.12865944444444444,3.0,19.0
O62I3M6M,SOXL,BTO,1.0,0.29,0.6125,2025-04-09 19:28:58.519000+00:00,2025-04-10 13:34:02+00:00,0.3225,18.08430027777778,3.0,19.0
QCKHOQOW,TQQQ,BTO,1.0,0.7,0.09,2025-04-11 17:31:16.438000+00:00,2025-04-11 19:07:14.554000+00:00,-0.79,1.5994766666666667,5.0,17.0
MKC9Y0YS,UVXY,BTO,1.0,41.16,40.25,2025-04-11 19:30:52.787000+00:00,2025-04-11 20:03:42.061000+00:00,-0.909999999999997,0.5470205555555555,5.0,19.0
G2CDNE7M,SOXL,BTO,1.0,0.37,0.0,2025-04-14 15:45:59.702000+00:00,2025-04-22 20:40:16.036000+00:00,-0.37,196.90453722222222,1.0,15.0
Z9ILC6WU,SPY,BTO,1.0,6.84,14.44,2025-04-16 16:09:22.444000+00:00,2025-04-21 18:30:34.830000+00:00,7.6,122.35344055555555,3.0,16.0
XZW86NDS,CVNA,BTO,1.0,2.0,0.0,2025-04-17 13:42:23.841000+00:00,2025-04-22 20:40:23.634000+00:00,-2.0,126.96660916666667,4.0,13.0
CLGE978M,SPXW,BTO,1.0,0.8,0.7,2025-04-17 13:46:26.481000+00:00,2025-04-22 20:39:36.900000+00:00,-0.1,126.8862275,4.0,13.0
V8RUUEN0,SPXW,BTO,1.0,0.05,0.0,2025-04-17 18:57:22.028000+00:00,2025-04-22 20:39:47.700000+00:00,-0.05,121.70713111111111,4.0,18.0
PPQW52KL,TLT,BTO,1.0,1.94,2.99,2025-04-22 13:40:40.267000+00:00,2025-04-23 13:36:26.971000+00:00,1.05,23.92964,2.0,13.0
VYM3V654,COIN,BTO,1.0,4.2,4.9,2025-04-22 19:52:53.954000+00:00,2025-04-23 13:38:35.870000+00:00,0.7,17.761643333333332,2.0,19.0
HGUHPZW2,QQQ,BTO,1.0,1.85,2.5075,2025-04-23 13:39:30.113000+00:00,2025-04-23 16:11:13.794000+00:00,2.085,2.5288002777777776,3.0,13.0
NF7EL3ZE,SPY,BTO,1.0,5.4,1.9,2025-04-23 13:41:13.835000+00:00,2025-04-29 19:12:06.152000+00:00,-9.39,149.5145325,3.0,13.0
ZLV11O33,IWM,BTO,1.0,0.62,0.0,2025-04-23 14:27:22.764000+00:00,2025-05-16 21:00:02.204000+00:00,-1.21,558.5442888888889,3.0,14.0
NBVOW519,NEM,BTO,1.0,0.51,0.0,2025-04-23 14:49:03.055000+00:00,2025-05-16 21:00:02.109000+00:00,-0.51,558.1830705555556,3.0,14.0
YCIL1MOY,SLV,BTO,1.0,3.1,2.12,2025-04-23 14:53:02.489000+00:00,2025-05-07 21:00:01.900000+00:00,-0.98,342.11650305555554,3.0,14.0
K7XCSWLZ,SPY,BTO,1.0,0.09,0.0475,2025-04-23 15:12:01.826000+00:00,2025-04-25 20:05:31.713000+00:00,-0.0425,52.89163527777778,3.0,15.0
NZT8UURS,SOXL,BTO,1.0,0.31,0.09,2025-04-24 18:03:57.465000+00:00,2025-04-29 19:50:18.001000+00:00,-0.48,121.77237111111111,4.0,18.0
F1R3H53F,NVDA,BTO,1.0,0.27,0.0,2025-04-24 18:08:50.717000+00:00,2025-04-25 20:05:13.070000+00:00,-0.27,25.9395425,4.0,18.0
QFRW1DV2,SPXW,BTO,1.0,13.0,19.4,2025-04-25 13:40:39.163000+00:00,2025-04-25 14:31:27.723000+00:00,13.9,0.8468222222222223,5.0,13.0
KYTGZ7CE,NVDA,BTO,1.0,0.25,0.0,2025-04-25 14:47:15.201000+00:00,2025-04-25 20:05:18.092000+00:00,-0.25,5.300803055555556,5.0,14.0
H3E4CS73,SPXW,BTO,1.0,9.3,10.5,2025-04-25 15:11:22.885000+00:00,2025-04-25 15:46:20.844000+00:00,2.1,0.5827663888888889,5.0,15.0
IJIPA11I,SPY,STO,0.5,2.12,1.62,2025-04-25 20:00:59.318000+00:00,2025-04-28 13:53:41.214000+00:00,0.25,65.87830444444444,5.0,20.0
P9TTTVPY,UVXY,BTO,1.0,0.15,0.12,2025-04-28 13:41:19.417000+00:00,2025-04-29 19:54:42.667000+00:00,-0.03,30.223125,1.0,13.0
Z5LDV5TC,QQQ,BTO,1.0,0.67,1.68,2025-04-28 14:25:11.100000+00:00,2025-04-28 16:12:31.957000+00:00,1.01,1.7891269444444444,1.0,14.0
EK81K2NT,SPY,BTO,1.0,1.68,0.65,2025-04-30 14:55:10.715000+00:00,2025-04-30 15:50:47.876000+00:00,-1.63,0.9269891666666666,3.0,14.0
QGOQ1Z20,SPXW,BTO,1.0,22.8,74.15,2025-04-30 19:43:53.233000+00:00,2025-05-12 13:32:35.903000+00:00,96.7,281.8118527777778,3.0,19.0
LMPRNXA4,YINN,BTO,1.0,0.64,1.4301,2025-04-30 19:46:39.230000+00:00,2025-05-02 18:19:43.862000+00:00,0.7901,46.55128666666667,3.0,19.0
L1JJTBPO,TLT,BTO,1.0,0.08,0.0,2025-04-30 19:53:33.157000+00:00,2025-05-01 16:05:57.385000+00:00,-0.08,20.20673,3.0,19.0
MR0AZGNT,QQQ,BTO,1.0,1.44,4.065,2025-04-30 20:04:57.847000+00:00,2025-05-01 14:40:30.042000+00:00,2.625,18.592276388888887,3.0,20.0
GKFSZ4C7,SPXW,STO,1.0,-25.8,10.4,2025-05-02 16:09:47.733000+00:00,2025-05-06 14:06:01.090000+00:00,-15.4,93.93704361111111,5.0,16.0
M7W7Q86W,SOXL,BTO,1.0,0.24,1.355,2025-05-05 14:06:17.964000+00:00,2025-05-12 19:34:05.441000+00:00,3.475,173.46318805555555,1.0,14.0
JKGLZW6V,NVDA,BTO,1.0,1.46,1.42,2025-05-05 14:07:05.548000+00:00,2025-05-06 19:52:55.376000+00:00,0.76,29.763841111111113,1.0,14.0
HXYYYRVG,SPXW,BTO,1.0,5.2,1.1625,2025-05-06 13:34:09.670000+00:00,2025-05-07 21:00:03.896000+00:00,-12.8,31.431729444444443,2.0,13.0
GNUMT0M0,NVDA,BTO,1.0,1.25,5.4475,2025-05-06 13:35:06.832000+00:00,2025-05-13 13:38:13.067000+00:00,4.1975,168.05173194444444,2.0,13.0
E6T55YIJ,MARA,BTO,1.0,0.31,0.57,2025-05-06 15:47:41.788000+00:00,2025-05-08 19:13:33.986000+00:00,0.26,51.43116611111111,2.0,15.0
PYGQCBTR,SPXW,BTO,1.0,4.0,12.7,2025-05-06 16:10:39.115000+00:00,2025-05-06 16:13:57.887000+00:00,8.7,0.05521444444444444,2.0,16.0
ABEUGH6H,SPXW,BTO,1.0,7.8,0.0,2025-05-06 16:21:33.254000+00:00,2025-05-06 21:00:01.424000+00:00,-7.8,4.641158333333333,2.0,16.0
T1JIV07L,NVDA,BTO,1.0,0.93,0.6375,2025-05-07 13:37:33.556000+00:00,2025-05-09 21:00:02.019000+00:00,-0.2925,55.37457305555556,3.0,13.0
VRUJ1C3J,GLD,BTO,1.0,1.02,2.67,2025-05-07 14:09:29.373000+00:00,2025-05-08 19:15:10.966000+00:00,1.65,29.094886944444443,3.0,14.0
SJFAV07D,SPXW,BTO,1.0,27.0,44.0666666666667,2025-05-07 14:57:49.080000+00:00,2025-05-07 19:43:04.081000+00:00,61.4,4.754166944444444,3.0,14.0
PSROQA24,YINN,BTO,1.0,1.81,3.555,2025-05-07 18:13:15.298000+00:00,2025-05-21 13:42:44.436000+00:00,1.745,331.4914272222222,3.0,18.0
JVX7A8RU,NVDA,BTO,1.0,0.72,0.0,2025-05-09 13:32:57.371000+00:00,2025-05-09 21:00:01.695000+00:00,-1.373,7.451201111111111,5.0,13.0
BAF9WX5A,COIN,BTO,1.0,0.12,0.48,2025-05-09 13:34:45.891000+00:00,2025-05-09 13:48:59.070000+00:00,0.36,0.23699416666666667,5.0,13.0
KCZ233IA,GLD,BTO,1.0,1.45,1.44,2025-05-09 13:43:01.684000+00:00,2025-05-09 19:45:23.928000+00:00,-0.01,6.039512222222222,5.0,13.0
GTY51N8M,COIN,BTO,1.0,3.32,7.8,2025-05-09 13:44:59.836000+00:00,2025-05-13 13:35:16.526000+00:00,4.48,95.83796944444444,5.0,13.0
C8L4HY61,SPXW,BTO,1.0,7.1,2.25,2025-05-13 13:59:02.935000+00:00,2025-05-13 17:31:04.855000+00:00,-8.5,3.5338666666666665,2.0,13.0
PDDYP5DY,NVDA,BTO,1.0,1.1,0.58,2025-05-13 14:19:31.952000+00:00,2025-05-13 17:31:34.816000+00:00,-0.52,3.2007955555555556,2.0,14.0
ROGGYU4I,NVDA,BTO,1.0,0.38,0.21,2025-05-13 14:21:26.358000+00:00,2025-05-13 17:32:06.643000+00:00,-0.17,3.177856944444444,2.0,14.0
GMI7C7YE,SPY,BTO,1.0,6.1,6.19,2025-05-14 14:09:56.504000+00:00,2025-05-14 20:01:20.121000+00:00,0.0900000000000007,5.856560277777778,3.0,14.0
NATC64W3,QQQ,BTO,1.0,2.93,2.32,2025-05-14 14:41:52.504000+00:00,2025-05-14 16:05:26.643000+00:00,-0.61,1.392816388888889,3.0,14.0
I8I23NX1,SPXW,BTO,1.0,1.55,0.0,2025-05-14 18:08:48.632000+00:00,2025-05-14 20:03:37.250000+00:00,-1.55,1.913505,3.0,18.0
PR4YLC25,SPY,BTO,1.0,3.37,2.39,2025-05-15 14:06:05.680000+00:00,2025-05-15 16:05:37.033000+00:00,-0.98,1.9920425,4.0,14.0
JQAHJG25,SPY,BTO,1.0,0.7,0.41,2025-05-19 13:48:43.003000+00:00,2025-05-19 15:12:36.147000+00:00,-0.29,1.3980955555555556,1.0,13.0
X17LF3VV,TLT,BTO,1.0,0.03,0.0,2025-05-20 14:45:35.533000+00:00,2025-05-21 21:00:01.758000+00:00,-0.03,30.240618055555554,2.0,14.0
ESIRIX7Z,TLT,BTO,1.0,0.33,0.0,2025-05-20 14:52:08.245000+00:00,2025-05-21 21:00:01.794000+00:00,-0.33,30.131541388888888,2.0,14.0
QM8HMCJY,QQQ,BTO,1.0,0.17,0.59,2025-05-20 19:06:07.919000+00:00,2025-05-20 19:38:36.871000+00:00,0.42,0.5413755555555556,2.0,19.0
Q6CGMJF6,SPXW,BTO,1.0,11.6,9.525,2025-05-21 13:57:08.083000+00:00,2025-05-21 14:59:43.580000+00:00,-2.075,1.043193611111111,3.0,13.0
PN8EW4CX,SPXW,BTO,1.0,7.4,2.05,2025-05-21 15:05:19.888000+00:00,2025-05-21 16:48:37.793000+00:00,-5.35,1.7216402777777777,3.0,15.0
J56EOGRN,SPXW,BTO,1.0,1.95,39.0875,2025-05-21 17:26:52.178000+00:00,2025-05-21 19:43:22.355000+00:00,37.1375,2.275049166666667,3.0,17.0
W57Z82YM,QQQ,BTO,1.0,2.08,1.735,2025-05-22 14:05:28.927000+00:00,2025-05-22 18:41:36.696000+00:00,-0.345,4.602158055555556,4.0,14.0
LCLPANBJ,SPY,BTO,1.0,1.46,0.2375,2025-05-22 14:06:10.707000+00:00,2025-05-22 21:00:02.033000+00:00,-1.2225,6.8975905555555554,4.0,14.0
ML2FWD85,SPY,BTO,1.0,0.58,1.7725,2025-05-22 16:13:48.185000+00:00,2025-05-23 15:23:20.708000+00:00,1.1925,23.159034166666668,4.0,16.0
DXXA581T,NVDA,BTO,1.0,0.4,0.35,2025-05-22 16:14:10.226000+00:00,2025-05-23 21:00:02.776000+00:00,-0.05,28.76459722222222,4.0,16.0
J9G7E7CV,IWM,BTO,1.0,0.25,0.0,2025-05-23 13:39:44.715000+00:00,2025-06-02 21:00:01.797000+00:00,-0.25,247.33807833333333,5.0,13.0
VBEX6RU2,SQQQ,BTO,1.0,0.47,0.02,2025-05-23 15:23:43.730000+00:00,2025-05-28 15:10:35.777000+00:00,-0.78,119.78112416666667,5.0,15.0
ZDFYUIQ9,SPY,BTO,1.0,1.85,2.5075,2025-05-27 14:05:09.127000+00:00,2025-05-27 16:01:37.224000+00:00,0.6575,1.9411380555555555,2.0,14.0
GWUE0JHZ,SQQQ,BTO,1.0,0.09,0.0,2025-05-28 15:11:19.500000+00:00,2025-05-30 21:00:01.635000+00:00,-0.09,53.811704166666665,3.0,15.0
ZBODS9FA,SPY,BTO,1.0,0.23,0.02,2025-05-29 19:43:31.419000+00:00,2025-05-29 20:03:44.284000+00:00,-0.21,0.33690694444444447,4.0,19.0
M2G7I8W7,GLD,BTO,1.0,0.59,0.35,2025-05-30 13:33:25.519000+00:00,2025-05-30 14:00:09.253000+00:00,-0.24,0.44548166666666666,5.0,13.0
R225JU3W,XSP,BTO,1.0,1.11,0.0,2025-06-02 14:56:18.200000+00:00,2025-06-03 21:00:02.243000+00:00,-2.79,30.062234166666666,1.0,14.0
